I: Date,I: StartTime,I: EndTime,I: DayofWeek,I: DayPeriod,I: PartofWeek,I: Participant,I: Week,D: Steps,D: StepsCumulative
2020-05-25,00:00:00,01:00:00,Monday,Night,Week,1,1,0,0
2020-05-25,01:00:00,02:00:00,Monday,Night,Week,1,1,0,0
2020-05-25,02:00:00,03:00:00,Monday,Night,Week,1,1,0,0
2020-05-25,03:00:00,04:00:00,Monday,Night,Week,1,1,0,0
2020-05-25,04:00:00,05:00:00,Monday,Night,Week,1,1,0,0
2020-05-25,05:00:00,06:00:00,Monday,Morning,Week,1,1,0,0
2020-05-25,06:00:00,07:00:00,Monday,Morning,Week,1,1,0,0
2020-05-25,07:00:00,08:00:00,Monday,Morning,Week,1,1,66,66
2020-05-25,08:00:00,09:00:00,Monday,Morning,Week,1,1,140,206
2020-05-25,09:00:00,10:00:00,Monday,Morning,Week,1,1,260,466
2020-05-25,10:00:00,11:00:00,Monday,Morning,Week,1,1,141,607
2020-05-25,11:00:00,12:00:00,Monday,Afternoon,Week,1,1,551,1158
2020-05-25,12:00:00,13:00:00,Monday,Afternoon,Week,1,1,371,1529
2020-05-25,13:00:00,14:00:00,Monday,Afternoon,Week,1,1,131,1660
2020-05-25,14:00:00,15:00:00,Monday,Afternoon,Week,1,1,0,1660
2020-05-25,15:00:00,16:00:00,Monday,Afternoon,Week,1,1,80,1740
2020-05-25,16:00:00,17:00:00,Monday,Afternoon,Week,1,1,0,1740
2020-05-25,17:00:00,18:00:00,Monday,Evening,Week,1,1,125,1865
2020-05-25,18:00:00,19:00:00,Monday,Evening,Week,1,1,174,2039
2020-05-25,19:00:00,20:00:00,Monday,Evening,Week,1,1,2401,4440
2020-05-25,20:00:00,21:00:00,Monday,Evening,Week,1,1,58,4498
2020-05-25,21:00:00,22:00:00,Monday,Evening,Week,1,1,0,4498
2020-05-25,22:00:00,23:00:00,Monday,Evening,Week,1,1,46,4544
2020-05-25,23:00:00,00:00:00,Monday,Night,Week,1,1,62,4606
2020-05-26,00:00:00,01:00:00,Tuesday,Night,Week,1,1,0,0
2020-05-26,01:00:00,02:00:00,Tuesday,Night,Week,1,1,0,0
2020-05-26,02:00:00,03:00:00,Tuesday,Night,Week,1,1,0,0
2020-05-26,03:00:00,04:00:00,Tuesday,Night,Week,1,1,0,0
2020-05-26,04:00:00,05:00:00,Tuesday,Night,Week,1,1,0,0
2020-05-26,05:00:00,06:00:00,Tuesday,Morning,Week,1,1,0,0
2020-05-26,06:00:00,07:00:00,Tuesday,Morning,Week,1,1,0,0
2020-05-26,07:00:00,08:00:00,Tuesday,Morning,Week,1,1,0,0
2020-05-26,08:00:00,09:00:00,Tuesday,Morning,Week,1,1,0,0
2020-05-26,09:00:00,10:00:00,Tuesday,Morning,Week,1,1,127,127
2020-05-26,10:00:00,11:00:00,Tuesday,Morning,Week,1,1,18,145
2020-05-26,11:00:00,12:00:00,Tuesday,Afternoon,Week,1,1,133,278
2020-05-26,12:00:00,13:00:00,Tuesday,Afternoon,Week,1,1,597,875
2020-05-26,13:00:00,14:00:00,Tuesday,Afternoon,Week,1,1,198,1073
2020-05-26,14:00:00,15:00:00,Tuesday,Afternoon,Week,1,1,184,1257
2020-05-26,15:00:00,16:00:00,Tuesday,Afternoon,Week,1,1,0,1257
2020-05-26,16:00:00,17:00:00,Tuesday,Afternoon,Week,1,1,12,1269
2020-05-26,17:00:00,18:00:00,Tuesday,Evening,Week,1,1,0,1269
2020-05-26,18:00:00,19:00:00,Tuesday,Evening,Week,1,1,204,1473
2020-05-26,19:00:00,20:00:00,Tuesday,Evening,Week,1,1,89,1562
2020-05-26,20:00:00,21:00:00,Tuesday,Evening,Week,1,1,0,1562
2020-05-26,21:00:00,22:00:00,Tuesday,Evening,Week,1,1,135,1697
2020-05-26,22:00:00,23:00:00,Tuesday,Evening,Week,1,1,14,1711
2020-05-26,23:00:00,00:00:00,Tuesday,Night,Week,1,1,82,1793
2020-05-27,00:00:00,01:00:00,Wednesday,Night,Week,1,1,0,0
2020-05-27,01:00:00,02:00:00,Wednesday,Night,Week,1,1,0,0
2020-05-27,02:00:00,03:00:00,Wednesday,Night,Week,1,1,0,0
2020-05-27,03:00:00,04:00:00,Wednesday,Night,Week,1,1,0,0
2020-05-27,04:00:00,05:00:00,Wednesday,Night,Week,1,1,0,0
2020-05-27,05:00:00,06:00:00,Wednesday,Morning,Week,1,1,0,0
2020-05-27,06:00:00,07:00:00,Wednesday,Morning,Week,1,1,0,0
2020-05-27,07:00:00,08:00:00,Wednesday,Morning,Week,1,1,0,0
2020-05-27,08:00:00,09:00:00,Wednesday,Morning,Week,1,1,151,151
2020-05-27,09:00:00,10:00:00,Wednesday,Morning,Week,1,1,344,495
2020-05-27,10:00:00,11:00:00,Wednesday,Morning,Week,1,1,189,684
2020-05-27,11:00:00,12:00:00,Wednesday,Afternoon,Week,1,1,302,986
2020-05-27,12:00:00,13:00:00,Wednesday,Afternoon,Week,1,1,110,1096
2020-05-27,13:00:00,14:00:00,Wednesday,Afternoon,Week,1,1,0,1096
2020-05-27,14:00:00,15:00:00,Wednesday,Afternoon,Week,1,1,111,1207
2020-05-27,15:00:00,16:00:00,Wednesday,Afternoon,Week,1,1,197,1404
2020-05-27,16:00:00,17:00:00,Wednesday,Afternoon,Week,1,1,397,1801
2020-05-27,17:00:00,18:00:00,Wednesday,Evening,Week,1,1,80,1881
2020-05-27,18:00:00,19:00:00,Wednesday,Evening,Week,1,1,153,2034
2020-05-27,19:00:00,20:00:00,Wednesday,Evening,Week,1,1,110,2144
2020-05-27,20:00:00,21:00:00,Wednesday,Evening,Week,1,1,0,2144
2020-05-27,21:00:00,22:00:00,Wednesday,Evening,Week,1,1,148,2292
2020-05-27,22:00:00,23:00:00,Wednesday,Evening,Week,1,1,98,2390
2020-05-27,23:00:00,00:00:00,Wednesday,Night,Week,1,1,38,2428
2020-05-28,00:00:00,01:00:00,Thursday,Night,Week,1,1,0,0
2020-05-28,01:00:00,02:00:00,Thursday,Night,Week,1,1,0,0
2020-05-28,02:00:00,03:00:00,Thursday,Night,Week,1,1,0,0
2020-05-28,03:00:00,04:00:00,Thursday,Night,Week,1,1,0,0
2020-05-28,04:00:00,05:00:00,Thursday,Night,Week,1,1,0,0
2020-05-28,05:00:00,06:00:00,Thursday,Morning,Week,1,1,0,0
2020-05-28,06:00:00,07:00:00,Thursday,Morning,Week,1,1,0,0
2020-05-28,07:00:00,08:00:00,Thursday,Morning,Week,1,1,0,0
2020-05-28,08:00:00,09:00:00,Thursday,Morning,Week,1,1,262,262
2020-05-28,09:00:00,10:00:00,Thursday,Morning,Week,1,1,61,323
2020-05-28,10:00:00,11:00:00,Thursday,Morning,Week,1,1,65,388
2020-05-28,11:00:00,12:00:00,Thursday,Afternoon,Week,1,1,45,433
2020-05-28,12:00:00,13:00:00,Thursday,Afternoon,Week,1,1,230,663
2020-05-28,13:00:00,14:00:00,Thursday,Afternoon,Week,1,1,0,663
2020-05-28,14:00:00,15:00:00,Thursday,Afternoon,Week,1,1,0,663
2020-05-28,15:00:00,16:00:00,Thursday,Afternoon,Week,1,1,233,896
2020-05-28,16:00:00,17:00:00,Thursday,Afternoon,Week,1,1,0,896
2020-05-28,17:00:00,18:00:00,Thursday,Evening,Week,1,1,103,999
2020-05-28,18:00:00,19:00:00,Thursday,Evening,Week,1,1,222,1221
2020-05-28,19:00:00,20:00:00,Thursday,Evening,Week,1,1,45,1266
2020-05-28,20:00:00,21:00:00,Thursday,Evening,Week,1,1,181,1447
2020-05-28,21:00:00,22:00:00,Thursday,Evening,Week,1,1,220,1667
2020-05-28,22:00:00,23:00:00,Thursday,Evening,Week,1,1,45,1712
2020-05-28,23:00:00,00:00:00,Thursday,Night,Week,1,1,48,1760
2020-05-29,00:00:00,01:00:00,Friday,Night,Week,1,1,0,0
2020-05-29,01:00:00,02:00:00,Friday,Night,Week,1,1,0,0
2020-05-29,02:00:00,03:00:00,Friday,Night,Week,1,1,0,0
2020-05-29,03:00:00,04:00:00,Friday,Night,Week,1,1,0,0
2020-05-29,04:00:00,05:00:00,Friday,Night,Week,1,1,0,0
2020-05-29,05:00:00,06:00:00,Friday,Morning,Week,1,1,0,0
2020-05-29,06:00:00,07:00:00,Friday,Morning,Week,1,1,0,0
2020-05-29,07:00:00,08:00:00,Friday,Morning,Week,1,1,0,0
2020-05-29,08:00:00,09:00:00,Friday,Morning,Week,1,1,38,38
2020-05-29,09:00:00,10:00:00,Friday,Morning,Week,1,1,302,340
2020-05-29,10:00:00,11:00:00,Friday,Morning,Week,1,1,134,474
2020-05-29,11:00:00,12:00:00,Friday,Afternoon,Week,1,1,130,604
2020-05-29,12:00:00,13:00:00,Friday,Afternoon,Week,1,1,231,835
2020-05-29,13:00:00,14:00:00,Friday,Afternoon,Week,1,1,0,835
2020-05-29,14:00:00,15:00:00,Friday,Afternoon,Week,1,1,0,835
2020-05-29,15:00:00,16:00:00,Friday,Afternoon,Week,1,1,0,835
2020-05-29,16:00:00,17:00:00,Friday,Afternoon,Week,1,1,0,835
2020-05-29,17:00:00,18:00:00,Friday,Evening,Week,1,1,252,1087
2020-05-29,18:00:00,19:00:00,Friday,Evening,Week,1,1,432,1519
2020-05-29,19:00:00,20:00:00,Friday,Evening,Week,1,1,1765,3284
2020-05-29,20:00:00,21:00:00,Friday,Evening,Week,1,1,1122,4406
2020-05-29,21:00:00,22:00:00,Friday,Evening,Week,1,1,0,4406
2020-05-29,22:00:00,23:00:00,Friday,Evening,Week,1,1,27,4433
2020-05-29,23:00:00,00:00:00,Friday,Night,Week,1,1,38,4471
2020-05-30,00:00:00,01:00:00,Saturday,Night,Weekend,1,1,0,0
2020-05-30,01:00:00,02:00:00,Saturday,Night,Weekend,1,1,0,0
2020-05-30,02:00:00,03:00:00,Saturday,Night,Weekend,1,1,0,0
2020-05-30,03:00:00,04:00:00,Saturday,Night,Weekend,1,1,0,0
2020-05-30,04:00:00,05:00:00,Saturday,Night,Weekend,1,1,0,0
2020-05-30,05:00:00,06:00:00,Saturday,Morning,Weekend,1,1,0,0
2020-05-30,06:00:00,07:00:00,Saturday,Morning,Weekend,1,1,0,0
2020-05-30,07:00:00,08:00:00,Saturday,Morning,Weekend,1,1,117,117
2020-05-30,08:00:00,09:00:00,Saturday,Morning,Weekend,1,1,100,217
2020-05-30,09:00:00,10:00:00,Saturday,Morning,Weekend,1,1,166,383
2020-05-30,10:00:00,11:00:00,Saturday,Morning,Weekend,1,1,45,428
2020-05-30,11:00:00,12:00:00,Saturday,Afternoon,Weekend,1,1,62,490
2020-05-30,12:00:00,13:00:00,Saturday,Afternoon,Weekend,1,1,40,530
2020-05-30,13:00:00,14:00:00,Saturday,Afternoon,Weekend,1,1,212,742
2020-05-30,14:00:00,15:00:00,Saturday,Afternoon,Weekend,1,1,2551,3293
2020-05-30,15:00:00,16:00:00,Saturday,Afternoon,Weekend,1,1,1477,4770
2020-05-30,16:00:00,17:00:00,Saturday,Afternoon,Weekend,1,1,1642,6412
2020-05-30,17:00:00,18:00:00,Saturday,Evening,Weekend,1,1,140,6552
2020-05-30,18:00:00,19:00:00,Saturday,Evening,Weekend,1,1,29,6581
2020-05-30,19:00:00,20:00:00,Saturday,Evening,Weekend,1,1,149,6730
2020-05-30,20:00:00,21:00:00,Saturday,Evening,Weekend,1,1,0,6730
2020-05-30,21:00:00,22:00:00,Saturday,Evening,Weekend,1,1,18,6748
2020-05-30,22:00:00,23:00:00,Saturday,Evening,Weekend,1,1,29,6777
2020-05-30,23:00:00,00:00:00,Saturday,Night,Weekend,1,1,137,6914
2020-05-31,00:00:00,01:00:00,Sunday,Night,Weekend,1,1,0,0
2020-05-31,01:00:00,02:00:00,Sunday,Night,Weekend,1,1,0,0
2020-05-31,02:00:00,03:00:00,Sunday,Night,Weekend,1,1,0,0
2020-05-31,03:00:00,04:00:00,Sunday,Night,Weekend,1,1,0,0
2020-05-31,04:00:00,05:00:00,Sunday,Night,Weekend,1,1,0,0
2020-05-31,05:00:00,06:00:00,Sunday,Morning,Weekend,1,1,0,0
2020-05-31,06:00:00,07:00:00,Sunday,Morning,Weekend,1,1,0,0
2020-05-31,07:00:00,08:00:00,Sunday,Morning,Weekend,1,1,0,0
2020-05-31,08:00:00,09:00:00,Sunday,Morning,Weekend,1,1,42,42
2020-05-31,09:00:00,10:00:00,Sunday,Morning,Weekend,1,1,255,297
2020-05-31,10:00:00,11:00:00,Sunday,Morning,Weekend,1,1,89,386
2020-05-31,11:00:00,12:00:00,Sunday,Afternoon,Weekend,1,1,64,450
2020-05-31,12:00:00,13:00:00,Sunday,Afternoon,Weekend,1,1,13,463
2020-05-31,13:00:00,14:00:00,Sunday,Afternoon,Weekend,1,1,177,640
2020-05-31,14:00:00,15:00:00,Sunday,Afternoon,Weekend,1,1,105,745
2020-05-31,15:00:00,16:00:00,Sunday,Afternoon,Weekend,1,1,0,745
2020-05-31,16:00:00,17:00:00,Sunday,Afternoon,Weekend,1,1,30,775
2020-05-31,17:00:00,18:00:00,Sunday,Evening,Weekend,1,1,339,1114
2020-05-31,18:00:00,19:00:00,Sunday,Evening,Weekend,1,1,1574,2688
2020-05-31,19:00:00,20:00:00,Sunday,Evening,Weekend,1,1,1817,4505
2020-05-31,20:00:00,21:00:00,Sunday,Evening,Weekend,1,1,167,4672
2020-05-31,21:00:00,22:00:00,Sunday,Evening,Weekend,1,1,234,4906
2020-05-31,22:00:00,23:00:00,Sunday,Evening,Weekend,1,1,151,5057
2020-05-31,23:00:00,00:00:00,Sunday,Night,Weekend,1,1,94,5151
2020-06-01,00:00:00,01:00:00,Monday,Night,Week,1,2,0,0
2020-06-01,01:00:00,02:00:00,Monday,Night,Week,1,2,0,0
2020-06-01,02:00:00,03:00:00,Monday,Night,Week,1,2,0,0
2020-06-01,03:00:00,04:00:00,Monday,Night,Week,1,2,0,0
2020-06-01,04:00:00,05:00:00,Monday,Night,Week,1,2,0,0
2020-06-01,05:00:00,06:00:00,Monday,Morning,Week,1,2,0,0
2020-06-01,06:00:00,07:00:00,Monday,Morning,Week,1,2,0,0
2020-06-01,07:00:00,08:00:00,Monday,Morning,Week,1,2,0,0
2020-06-01,08:00:00,09:00:00,Monday,Morning,Week,1,2,0,0
2020-06-01,09:00:00,10:00:00,Monday,Morning,Week,1,2,171,171
2020-06-01,10:00:00,11:00:00,Monday,Morning,Week,1,2,25,196
2020-06-01,11:00:00,12:00:00,Monday,Afternoon,Week,1,2,166,362
2020-06-01,12:00:00,13:00:00,Monday,Afternoon,Week,1,2,208,570
2020-06-01,13:00:00,14:00:00,Monday,Afternoon,Week,1,2,146,716
2020-06-01,14:00:00,15:00:00,Monday,Afternoon,Week,1,2,57,773
2020-06-01,15:00:00,16:00:00,Monday,Afternoon,Week,1,2,0,773
2020-06-01,16:00:00,17:00:00,Monday,Afternoon,Week,1,2,86,859
2020-06-01,17:00:00,18:00:00,Monday,Evening,Week,1,2,509,1368
2020-06-01,18:00:00,19:00:00,Monday,Evening,Week,1,2,447,1815
2020-06-01,19:00:00,20:00:00,Monday,Evening,Week,1,2,347,2162
2020-06-01,20:00:00,21:00:00,Monday,Evening,Week,1,2,677,2839
2020-06-01,21:00:00,22:00:00,Monday,Evening,Week,1,2,347,3186
2020-06-01,22:00:00,23:00:00,Monday,Evening,Week,1,2,178,3364
2020-06-01,23:00:00,00:00:00,Monday,Night,Week,1,2,86,3450
2020-06-02,00:00:00,01:00:00,Tuesday,Night,Week,1,2,0,0
2020-06-02,01:00:00,02:00:00,Tuesday,Night,Week,1,2,0,0
2020-06-02,02:00:00,03:00:00,Tuesday,Night,Week,1,2,0,0
2020-06-02,03:00:00,04:00:00,Tuesday,Night,Week,1,2,0,0
2020-06-02,04:00:00,05:00:00,Tuesday,Night,Week,1,2,0,0
2020-06-02,05:00:00,06:00:00,Tuesday,Morning,Week,1,2,0,0
2020-06-02,06:00:00,07:00:00,Tuesday,Morning,Week,1,2,0,0
2020-06-02,07:00:00,08:00:00,Tuesday,Morning,Week,1,2,0,0
2020-06-02,08:00:00,09:00:00,Tuesday,Morning,Week,1,2,65,65
2020-06-02,09:00:00,10:00:00,Tuesday,Morning,Week,1,2,284,349
2020-06-02,10:00:00,11:00:00,Tuesday,Morning,Week,1,2,77,426
2020-06-02,11:00:00,12:00:00,Tuesday,Afternoon,Week,1,2,10,436
2020-06-02,12:00:00,13:00:00,Tuesday,Afternoon,Week,1,2,190,626
2020-06-02,13:00:00,14:00:00,Tuesday,Afternoon,Week,1,2,0,626
2020-06-02,14:00:00,15:00:00,Tuesday,Afternoon,Week,1,2,179,805
2020-06-02,15:00:00,16:00:00,Tuesday,Afternoon,Week,1,2,0,805
2020-06-02,16:00:00,17:00:00,Tuesday,Afternoon,Week,1,2,33,838
2020-06-02,17:00:00,18:00:00,Tuesday,Evening,Week,1,2,0,838
2020-06-02,18:00:00,19:00:00,Tuesday,Evening,Week,1,2,186,1024
2020-06-02,19:00:00,20:00:00,Tuesday,Evening,Week,1,2,481,1505
2020-06-02,20:00:00,21:00:00,Tuesday,Evening,Week,1,2,37,1542
2020-06-02,21:00:00,22:00:00,Tuesday,Evening,Week,1,2,92,1634
2020-06-02,22:00:00,23:00:00,Tuesday,Evening,Week,1,2,133,1767
2020-06-02,23:00:00,00:00:00,Tuesday,Night,Week,1,2,51,1818
2020-06-03,00:00:00,01:00:00,Wednesday,Night,Week,1,2,0,0
2020-06-03,01:00:00,02:00:00,Wednesday,Night,Week,1,2,0,0
2020-06-03,02:00:00,03:00:00,Wednesday,Night,Week,1,2,0,0
2020-06-03,03:00:00,04:00:00,Wednesday,Night,Week,1,2,0,0
2020-06-03,04:00:00,05:00:00,Wednesday,Night,Week,1,2,0,0
2020-06-03,05:00:00,06:00:00,Wednesday,Morning,Week,1,2,0,0
2020-06-03,06:00:00,07:00:00,Wednesday,Morning,Week,1,2,0,0
2020-06-03,07:00:00,08:00:00,Wednesday,Morning,Week,1,2,0,0
2020-06-03,08:00:00,09:00:00,Wednesday,Morning,Week,1,2,128,128
2020-06-03,09:00:00,10:00:00,Wednesday,Morning,Week,1,2,119,247
2020-06-03,10:00:00,11:00:00,Wednesday,Morning,Week,1,2,0,247
2020-06-03,11:00:00,12:00:00,Wednesday,Afternoon,Week,1,2,0,247
2020-06-03,12:00:00,13:00:00,Wednesday,Afternoon,Week,1,2,177,424
2020-06-03,13:00:00,14:00:00,Wednesday,Afternoon,Week,1,2,60,484
2020-06-03,14:00:00,15:00:00,Wednesday,Afternoon,Week,1,2,0,484
2020-06-03,15:00:00,16:00:00,Wednesday,Afternoon,Week,1,2,102,586
2020-06-03,16:00:00,17:00:00,Wednesday,Afternoon,Week,1,2,144,730
2020-06-03,17:00:00,18:00:00,Wednesday,Evening,Week,1,2,0,730
2020-06-03,18:00:00,19:00:00,Wednesday,Evening,Week,1,2,74,804
2020-06-03,19:00:00,20:00:00,Wednesday,Evening,Week,1,2,54,858
2020-06-03,20:00:00,21:00:00,Wednesday,Evening,Week,1,2,0,858
2020-06-03,21:00:00,22:00:00,Wednesday,Evening,Week,1,2,56,914
2020-06-03,22:00:00,23:00:00,Wednesday,Evening,Week,1,2,66,980
2020-06-03,23:00:00,00:00:00,Wednesday,Night,Week,1,2,236,1216
2020-06-04,00:00:00,01:00:00,Thursday,Night,Week,1,2,0,0
2020-06-04,01:00:00,02:00:00,Thursday,Night,Week,1,2,0,0
2020-06-04,02:00:00,03:00:00,Thursday,Night,Week,1,2,0,0
2020-06-04,03:00:00,04:00:00,Thursday,Night,Week,1,2,0,0
2020-06-04,04:00:00,05:00:00,Thursday,Night,Week,1,2,0,0
2020-06-04,05:00:00,06:00:00,Thursday,Morning,Week,1,2,0,0
2020-06-04,06:00:00,07:00:00,Thursday,Morning,Week,1,2,0,0
2020-06-04,07:00:00,08:00:00,Thursday,Morning,Week,1,2,0,0
2020-06-04,08:00:00,09:00:00,Thursday,Morning,Week,1,2,220,220
2020-06-04,09:00:00,10:00:00,Thursday,Morning,Week,1,2,109,329
2020-06-04,10:00:00,11:00:00,Thursday,Morning,Week,1,2,176,505
2020-06-04,11:00:00,12:00:00,Thursday,Afternoon,Week,1,2,140,645
2020-06-04,12:00:00,13:00:00,Thursday,Afternoon,Week,1,2,81,726
2020-06-04,13:00:00,14:00:00,Thursday,Afternoon,Week,1,2,771,1497
2020-06-04,14:00:00,15:00:00,Thursday,Afternoon,Week,1,2,876,2373
2020-06-04,15:00:00,16:00:00,Thursday,Afternoon,Week,1,2,0,2373
2020-06-04,16:00:00,17:00:00,Thursday,Afternoon,Week,1,2,88,2461
2020-06-04,17:00:00,18:00:00,Thursday,Evening,Week,1,2,0,2461
2020-06-04,18:00:00,19:00:00,Thursday,Evening,Week,1,2,85,2546
2020-06-04,19:00:00,20:00:00,Thursday,Evening,Week,1,2,93,2639
2020-06-04,20:00:00,21:00:00,Thursday,Evening,Week,1,2,162,2801
2020-06-04,21:00:00,22:00:00,Thursday,Evening,Week,1,2,263,3064
2020-06-04,22:00:00,23:00:00,Thursday,Evening,Week,1,2,102,3166
2020-06-04,23:00:00,00:00:00,Thursday,Night,Week,1,2,73,3239
2020-06-05,00:00:00,01:00:00,Friday,Night,Week,1,2,0,0
2020-06-05,01:00:00,02:00:00,Friday,Night,Week,1,2,0,0
2020-06-05,02:00:00,03:00:00,Friday,Night,Week,1,2,0,0
2020-06-05,03:00:00,04:00:00,Friday,Night,Week,1,2,0,0
2020-06-05,04:00:00,05:00:00,Friday,Night,Week,1,2,0,0
2020-06-05,05:00:00,06:00:00,Friday,Morning,Week,1,2,0,0
2020-06-05,06:00:00,07:00:00,Friday,Morning,Week,1,2,0,0
2020-06-05,07:00:00,08:00:00,Friday,Morning,Week,1,2,0,0
2020-06-05,08:00:00,09:00:00,Friday,Morning,Week,1,2,262,262
2020-06-05,09:00:00,10:00:00,Friday,Morning,Week,1,2,16,278
2020-06-05,10:00:00,11:00:00,Friday,Morning,Week,1,2,111,389
2020-06-05,11:00:00,12:00:00,Friday,Afternoon,Week,1,2,0,389
2020-06-05,12:00:00,13:00:00,Friday,Afternoon,Week,1,2,179,568
2020-06-05,13:00:00,14:00:00,Friday,Afternoon,Week,1,2,45,613
2020-06-05,14:00:00,15:00:00,Friday,Afternoon,Week,1,2,177,790
2020-06-05,15:00:00,16:00:00,Friday,Afternoon,Week,1,2,0,790
2020-06-05,16:00:00,17:00:00,Friday,Afternoon,Week,1,2,57,847
2020-06-05,17:00:00,18:00:00,Friday,Evening,Week,1,2,49,896
2020-06-05,18:00:00,19:00:00,Friday,Evening,Week,1,2,47,943
2020-06-05,19:00:00,20:00:00,Friday,Evening,Week,1,2,346,1289
2020-06-05,20:00:00,21:00:00,Friday,Evening,Week,1,2,0,1289
2020-06-05,21:00:00,22:00:00,Friday,Evening,Week,1,2,59,1348
2020-06-05,22:00:00,23:00:00,Friday,Evening,Week,1,2,280,1628
2020-06-05,23:00:00,00:00:00,Friday,Night,Week,1,2,0,1628
2020-06-06,00:00:00,01:00:00,Saturday,Night,Weekend,1,2,0,0
2020-06-06,01:00:00,02:00:00,Saturday,Night,Weekend,1,2,0,0
2020-06-06,02:00:00,03:00:00,Saturday,Night,Weekend,1,2,0,0
2020-06-06,03:00:00,04:00:00,Saturday,Night,Weekend,1,2,0,0
2020-06-06,04:00:00,05:00:00,Saturday,Night,Weekend,1,2,0,0
2020-06-06,05:00:00,06:00:00,Saturday,Morning,Weekend,1,2,0,0
2020-06-06,06:00:00,07:00:00,Saturday,Morning,Weekend,1,2,0,0
2020-06-06,07:00:00,08:00:00,Saturday,Morning,Weekend,1,2,0,0
2020-06-06,08:00:00,09:00:00,Saturday,Morning,Weekend,1,2,0,0
2020-06-06,09:00:00,10:00:00,Saturday,Morning,Weekend,1,2,0,0
2020-06-06,10:00:00,11:00:00,Saturday,Morning,Weekend,1,2,136,136
2020-06-06,11:00:00,12:00:00,Saturday,Afternoon,Weekend,1,2,255,391
2020-06-06,12:00:00,13:00:00,Saturday,Afternoon,Weekend,1,2,267,658
2020-06-06,13:00:00,14:00:00,Saturday,Afternoon,Weekend,1,2,16,674
2020-06-06,14:00:00,15:00:00,Saturday,Afternoon,Weekend,1,2,154,828
2020-06-06,15:00:00,16:00:00,Saturday,Afternoon,Weekend,1,2,26,854
2020-06-06,16:00:00,17:00:00,Saturday,Afternoon,Weekend,1,2,171,1025
2020-06-06,17:00:00,18:00:00,Saturday,Evening,Weekend,1,2,0,1025
2020-06-06,18:00:00,19:00:00,Saturday,Evening,Weekend,1,2,0,1025
2020-06-06,19:00:00,20:00:00,Saturday,Evening,Weekend,1,2,415,1440
2020-06-06,20:00:00,21:00:00,Saturday,Evening,Weekend,1,2,81,1521
2020-06-06,21:00:00,22:00:00,Saturday,Evening,Weekend,1,2,398,1919
2020-06-06,22:00:00,23:00:00,Saturday,Evening,Weekend,1,2,122,2041
2020-06-06,23:00:00,00:00:00,Saturday,Night,Weekend,1,2,58,2099
2020-06-07,00:00:00,01:00:00,Sunday,Night,Weekend,1,2,0,0
2020-06-07,01:00:00,02:00:00,Sunday,Night,Weekend,1,2,0,0
2020-06-07,02:00:00,03:00:00,Sunday,Night,Weekend,1,2,0,0
2020-06-07,03:00:00,04:00:00,Sunday,Night,Weekend,1,2,0,0
2020-06-07,04:00:00,05:00:00,Sunday,Night,Weekend,1,2,0,0
2020-06-07,05:00:00,06:00:00,Sunday,Morning,Weekend,1,2,0,0
2020-06-07,06:00:00,07:00:00,Sunday,Morning,Weekend,1,2,0,0
2020-06-07,07:00:00,08:00:00,Sunday,Morning,Weekend,1,2,0,0
2020-06-07,08:00:00,09:00:00,Sunday,Morning,Weekend,1,2,0,0
2020-06-07,09:00:00,10:00:00,Sunday,Morning,Weekend,1,2,0,0
2020-06-07,10:00:00,11:00:00,Sunday,Morning,Weekend,1,2,289,289
2020-06-07,11:00:00,12:00:00,Sunday,Afternoon,Weekend,1,2,66,355
2020-06-07,12:00:00,13:00:00,Sunday,Afternoon,Weekend,1,2,0,355
2020-06-07,13:00:00,14:00:00,Sunday,Afternoon,Weekend,1,2,297,652
2020-06-07,14:00:00,15:00:00,Sunday,Afternoon,Weekend,1,2,84,736
2020-06-07,15:00:00,16:00:00,Sunday,Afternoon,Weekend,1,2,88,824
2020-06-07,16:00:00,17:00:00,Sunday,Afternoon,Weekend,1,2,0,824
2020-06-07,17:00:00,18:00:00,Sunday,Evening,Weekend,1,2,130,954
2020-06-07,18:00:00,19:00:00,Sunday,Evening,Weekend,1,2,0,954
2020-06-07,19:00:00,20:00:00,Sunday,Evening,Weekend,1,2,166,1120
2020-06-07,20:00:00,21:00:00,Sunday,Evening,Weekend,1,2,61,1181
2020-06-07,21:00:00,22:00:00,Sunday,Evening,Weekend,1,2,142,1323
2020-06-07,22:00:00,23:00:00,Sunday,Evening,Weekend,1,2,3,1326
2020-06-07,23:00:00,00:00:00,Sunday,Night,Weekend,1,2,55,1381
2020-05-25,00:00:00,01:00:00,Monday,Night,Week,2,1,0,0
2020-05-25,01:00:00,02:00:00,Monday,Night,Week,2,1,0,0
2020-05-25,02:00:00,03:00:00,Monday,Night,Week,2,1,0,0
2020-05-25,03:00:00,04:00:00,Monday,Night,Week,2,1,0,0
2020-05-25,04:00:00,05:00:00,Monday,Night,Week,2,1,0,0
2020-05-25,05:00:00,06:00:00,Monday,Morning,Week,2,1,0,0
2020-05-25,06:00:00,07:00:00,Monday,Morning,Week,2,1,0,0
2020-05-25,07:00:00,08:00:00,Monday,Morning,Week,2,1,0,0
2020-05-25,08:00:00,09:00:00,Monday,Morning,Week,2,1,0,0
2020-05-25,09:00:00,10:00:00,Monday,Morning,Week,2,1,0,0
2020-05-25,10:00:00,11:00:00,Monday,Morning,Week,2,1,0,0
2020-05-25,11:00:00,12:00:00,Monday,Afternoon,Week,2,1,151,151
2020-05-25,12:00:00,13:00:00,Monday,Afternoon,Week,2,1,222,373
2020-05-25,13:00:00,14:00:00,Monday,Afternoon,Week,2,1,394,767
2020-05-25,14:00:00,15:00:00,Monday,Afternoon,Week,2,1,199,966
2020-05-25,15:00:00,16:00:00,Monday,Afternoon,Week,2,1,287,1253
2020-05-25,16:00:00,17:00:00,Monday,Afternoon,Week,2,1,229,1482
2020-05-25,17:00:00,18:00:00,Monday,Evening,Week,2,1,376,1858
2020-05-25,18:00:00,19:00:00,Monday,Evening,Week,2,1,947,2805
2020-05-25,19:00:00,20:00:00,Monday,Evening,Week,2,1,2503,5308
2020-05-25,20:00:00,21:00:00,Monday,Evening,Week,2,1,886,6194
2020-05-25,21:00:00,22:00:00,Monday,Evening,Week,2,1,30,6224
2020-05-25,22:00:00,23:00:00,Monday,Evening,Week,2,1,750,6974
2020-05-25,23:00:00,00:00:00,Monday,Night,Week,2,1,1810,8784
2020-05-26,00:00:00,01:00:00,Tuesday,Night,Week,2,1,113,113
2020-05-26,01:00:00,02:00:00,Tuesday,Night,Week,2,1,17,17
2020-05-26,02:00:00,03:00:00,Tuesday,Night,Week,2,1,0,17
2020-05-26,03:00:00,04:00:00,Tuesday,Night,Week,2,1,0,17
2020-05-26,04:00:00,05:00:00,Tuesday,Night,Week,2,1,0,17
2020-05-26,05:00:00,06:00:00,Tuesday,Morning,Week,2,1,0,17
2020-05-26,06:00:00,07:00:00,Tuesday,Morning,Week,2,1,0,17
2020-05-26,07:00:00,08:00:00,Tuesday,Morning,Week,2,1,0,17
2020-05-26,08:00:00,09:00:00,Tuesday,Morning,Week,2,1,0,17
2020-05-26,09:00:00,10:00:00,Tuesday,Morning,Week,2,1,0,17
2020-05-26,10:00:00,11:00:00,Tuesday,Morning,Week,2,1,0,17
2020-05-26,11:00:00,12:00:00,Tuesday,Afternoon,Week,2,1,121,138
2020-05-26,12:00:00,13:00:00,Tuesday,Afternoon,Week,2,1,285,423
2020-05-26,13:00:00,14:00:00,Tuesday,Afternoon,Week,2,1,346,769
2020-05-26,14:00:00,15:00:00,Tuesday,Afternoon,Week,2,1,217,986
2020-05-26,15:00:00,16:00:00,Tuesday,Afternoon,Week,2,1,577,1563
2020-05-26,16:00:00,17:00:00,Tuesday,Afternoon,Week,2,1,428,1991
2020-05-26,17:00:00,18:00:00,Tuesday,Evening,Week,2,1,536,2527
2020-05-26,18:00:00,19:00:00,Tuesday,Evening,Week,2,1,303,2830
2020-05-26,19:00:00,20:00:00,Tuesday,Evening,Week,2,1,433,3263
2020-05-26,20:00:00,21:00:00,Tuesday,Evening,Week,2,1,260,3523
2020-05-26,21:00:00,22:00:00,Tuesday,Evening,Week,2,1,374,3897
2020-05-26,22:00:00,23:00:00,Tuesday,Evening,Week,2,1,338,4235
2020-05-26,23:00:00,00:00:00,Tuesday,Night,Week,2,1,187,4422
2020-05-27,00:00:00,01:00:00,Wednesday,Night,Week,2,1,72,72
2020-05-27,01:00:00,02:00:00,Wednesday,Night,Week,2,1,0,0
2020-05-27,02:00:00,03:00:00,Wednesday,Night,Week,2,1,0,0
2020-05-27,03:00:00,04:00:00,Wednesday,Night,Week,2,1,0,0
2020-05-27,04:00:00,05:00:00,Wednesday,Night,Week,2,1,0,0
2020-05-27,05:00:00,06:00:00,Wednesday,Morning,Week,2,1,0,0
2020-05-27,06:00:00,07:00:00,Wednesday,Morning,Week,2,1,0,0
2020-05-27,07:00:00,08:00:00,Wednesday,Morning,Week,2,1,0,0
2020-05-27,08:00:00,09:00:00,Wednesday,Morning,Week,2,1,0,0
2020-05-27,09:00:00,10:00:00,Wednesday,Morning,Week,2,1,0,0
2020-05-27,10:00:00,11:00:00,Wednesday,Morning,Week,2,1,38,38
2020-05-27,11:00:00,12:00:00,Wednesday,Afternoon,Week,2,1,154,192
2020-05-27,12:00:00,13:00:00,Wednesday,Afternoon,Week,2,1,542,734
2020-05-27,13:00:00,14:00:00,Wednesday,Afternoon,Week,2,1,1401,2135
2020-05-27,14:00:00,15:00:00,Wednesday,Afternoon,Week,2,1,47,2182
2020-05-27,15:00:00,16:00:00,Wednesday,Afternoon,Week,2,1,152,2334
2020-05-27,16:00:00,17:00:00,Wednesday,Afternoon,Week,2,1,160,2494
2020-05-27,17:00:00,18:00:00,Wednesday,Evening,Week,2,1,90,2584
2020-05-27,18:00:00,19:00:00,Wednesday,Evening,Week,2,1,150,2734
2020-05-27,19:00:00,20:00:00,Wednesday,Evening,Week,2,1,202,2936
2020-05-27,20:00:00,21:00:00,Wednesday,Evening,Week,2,1,45,2981
2020-05-27,21:00:00,22:00:00,Wednesday,Evening,Week,2,1,234,3215
2020-05-27,22:00:00,23:00:00,Wednesday,Evening,Week,2,1,112,3327
2020-05-27,23:00:00,00:00:00,Wednesday,Night,Week,2,1,25,3352
2020-05-28,00:00:00,01:00:00,Thursday,Night,Week,2,1,33,33
2020-05-28,01:00:00,02:00:00,Thursday,Night,Week,2,1,62,62
2020-05-28,02:00:00,03:00:00,Thursday,Night,Week,2,1,0,62
2020-05-28,03:00:00,04:00:00,Thursday,Night,Week,2,1,0,62
2020-05-28,04:00:00,05:00:00,Thursday,Night,Week,2,1,0,62
2020-05-28,05:00:00,06:00:00,Thursday,Morning,Week,2,1,0,62
2020-05-28,06:00:00,07:00:00,Thursday,Morning,Week,2,1,0,62
2020-05-28,07:00:00,08:00:00,Thursday,Morning,Week,2,1,0,62
2020-05-28,08:00:00,09:00:00,Thursday,Morning,Week,2,1,0,62
2020-05-28,09:00:00,10:00:00,Thursday,Morning,Week,2,1,167,229
2020-05-28,10:00:00,11:00:00,Thursday,Morning,Week,2,1,122,351
2020-05-28,11:00:00,12:00:00,Thursday,Afternoon,Week,2,1,10,361
2020-05-28,12:00:00,13:00:00,Thursday,Afternoon,Week,2,1,251,612
2020-05-28,13:00:00,14:00:00,Thursday,Afternoon,Week,2,1,1177,1789
2020-05-28,14:00:00,15:00:00,Thursday,Afternoon,Week,2,1,233,2022
2020-05-28,15:00:00,16:00:00,Thursday,Afternoon,Week,2,1,628,2650
2020-05-28,16:00:00,17:00:00,Thursday,Afternoon,Week,2,1,132,2782
2020-05-28,17:00:00,18:00:00,Thursday,Evening,Week,2,1,65,2847
2020-05-28,18:00:00,19:00:00,Thursday,Evening,Week,2,1,387,3234
2020-05-28,19:00:00,20:00:00,Thursday,Evening,Week,2,1,208,3442
2020-05-28,20:00:00,21:00:00,Thursday,Evening,Week,2,1,212,3654
2020-05-28,21:00:00,22:00:00,Thursday,Evening,Week,2,1,447,4101
2020-05-28,22:00:00,23:00:00,Thursday,Evening,Week,2,1,0,4101
2020-05-28,23:00:00,00:00:00,Thursday,Night,Week,2,1,48,4149
2020-05-29,00:00:00,01:00:00,Friday,Night,Week,2,1,990,990
2020-05-29,01:00:00,02:00:00,Friday,Night,Week,2,1,367,367
2020-05-29,02:00:00,03:00:00,Friday,Night,Week,2,1,0,367
2020-05-29,03:00:00,04:00:00,Friday,Night,Week,2,1,0,367
2020-05-29,04:00:00,05:00:00,Friday,Night,Week,2,1,0,367
2020-05-29,05:00:00,06:00:00,Friday,Morning,Week,2,1,0,367
2020-05-29,06:00:00,07:00:00,Friday,Morning,Week,2,1,0,367
2020-05-29,07:00:00,08:00:00,Friday,Morning,Week,2,1,0,367
2020-05-29,08:00:00,09:00:00,Friday,Morning,Week,2,1,0,367
2020-05-29,09:00:00,10:00:00,Friday,Morning,Week,2,1,264,631
2020-05-29,10:00:00,11:00:00,Friday,Morning,Week,2,1,261,892
2020-05-29,11:00:00,12:00:00,Friday,Afternoon,Week,2,1,282,1174
2020-05-29,12:00:00,13:00:00,Friday,Afternoon,Week,2,1,26,1200
2020-05-29,13:00:00,14:00:00,Friday,Afternoon,Week,2,1,15,1215
2020-05-29,14:00:00,15:00:00,Friday,Afternoon,Week,2,1,215,1430
2020-05-29,15:00:00,16:00:00,Friday,Afternoon,Week,2,1,428,1858
2020-05-29,16:00:00,17:00:00,Friday,Afternoon,Week,2,1,163,2021
2020-05-29,17:00:00,18:00:00,Friday,Evening,Week,2,1,1103,3124
2020-05-29,18:00:00,19:00:00,Friday,Evening,Week,2,1,202,3326
2020-05-29,19:00:00,20:00:00,Friday,Evening,Week,2,1,372,3698
2020-05-29,20:00:00,21:00:00,Friday,Evening,Week,2,1,369,4067
2020-05-29,21:00:00,22:00:00,Friday,Evening,Week,2,1,1157,5224
2020-05-29,22:00:00,23:00:00,Friday,Evening,Week,2,1,811,6035
2020-05-29,23:00:00,00:00:00,Friday,Night,Week,2,1,220,6255
2020-05-30,00:00:00,01:00:00,Saturday,Night,Weekend,2,1,100,100
2020-05-30,01:00:00,02:00:00,Saturday,Night,Weekend,2,1,1393,1393
2020-05-30,02:00:00,03:00:00,Saturday,Night,Weekend,2,1,283,1676
2020-05-30,03:00:00,04:00:00,Saturday,Night,Weekend,2,1,0,1676
2020-05-30,04:00:00,05:00:00,Saturday,Night,Weekend,2,1,0,1676
2020-05-30,05:00:00,06:00:00,Saturday,Morning,Weekend,2,1,0,1676
2020-05-30,06:00:00,07:00:00,Saturday,Morning,Weekend,2,1,0,1676
2020-05-30,07:00:00,08:00:00,Saturday,Morning,Weekend,2,1,0,1676
2020-05-30,08:00:00,09:00:00,Saturday,Morning,Weekend,2,1,0,1676
2020-05-30,09:00:00,10:00:00,Saturday,Morning,Weekend,2,1,0,1676
2020-05-30,10:00:00,11:00:00,Saturday,Morning,Weekend,2,1,47,1723
2020-05-30,11:00:00,12:00:00,Saturday,Afternoon,Weekend,2,1,311,2034
2020-05-30,12:00:00,13:00:00,Saturday,Afternoon,Weekend,2,1,612,2646
2020-05-30,13:00:00,14:00:00,Saturday,Afternoon,Weekend,2,1,163,2809
2020-05-30,14:00:00,15:00:00,Saturday,Afternoon,Weekend,2,1,1737,4546
2020-05-30,15:00:00,16:00:00,Saturday,Afternoon,Weekend,2,1,2406,6952
2020-05-30,16:00:00,17:00:00,Saturday,Afternoon,Weekend,2,1,1529,8481
2020-05-30,17:00:00,18:00:00,Saturday,Evening,Weekend,2,1,1272,9753
2020-05-30,18:00:00,19:00:00,Saturday,Evening,Weekend,2,1,135,9888
2020-05-30,19:00:00,20:00:00,Saturday,Evening,Weekend,2,1,19,9907
2020-05-30,20:00:00,21:00:00,Saturday,Evening,Weekend,2,1,343,10250
2020-05-30,21:00:00,22:00:00,Saturday,Evening,Weekend,2,1,18,10268
2020-05-30,22:00:00,23:00:00,Saturday,Evening,Weekend,2,1,84,10352
2020-05-30,23:00:00,00:00:00,Saturday,Night,Weekend,2,1,146,10498
2020-05-31,00:00:00,01:00:00,Sunday,Night,Weekend,2,1,15,15
2020-05-31,01:00:00,02:00:00,Sunday,Night,Weekend,2,1,72,72
2020-05-31,02:00:00,03:00:00,Sunday,Night,Weekend,2,1,0,72
2020-05-31,03:00:00,04:00:00,Sunday,Night,Weekend,2,1,0,72
2020-05-31,04:00:00,05:00:00,Sunday,Night,Weekend,2,1,0,72
2020-05-31,05:00:00,06:00:00,Sunday,Morning,Weekend,2,1,0,72
2020-05-31,06:00:00,07:00:00,Sunday,Morning,Weekend,2,1,0,72
2020-05-31,07:00:00,08:00:00,Sunday,Morning,Weekend,2,1,0,72
2020-05-31,08:00:00,09:00:00,Sunday,Morning,Weekend,2,1,0,72
2020-05-31,09:00:00,10:00:00,Sunday,Morning,Weekend,2,1,0,72
2020-05-31,10:00:00,11:00:00,Sunday,Morning,Weekend,2,1,0,72
2020-05-31,11:00:00,12:00:00,Sunday,Afternoon,Weekend,2,1,199,271
2020-05-31,12:00:00,13:00:00,Sunday,Afternoon,Weekend,2,1,352,623
2020-05-31,13:00:00,14:00:00,Sunday,Afternoon,Weekend,2,1,321,944
2020-05-31,14:00:00,15:00:00,Sunday,Afternoon,Weekend,2,1,73,1017
2020-05-31,15:00:00,16:00:00,Sunday,Afternoon,Weekend,2,1,87,1104
2020-05-31,16:00:00,17:00:00,Sunday,Afternoon,Weekend,2,1,523,1627
2020-05-31,17:00:00,18:00:00,Sunday,Evening,Weekend,2,1,353,1980
2020-05-31,18:00:00,19:00:00,Sunday,Evening,Weekend,2,1,12,1992
2020-05-31,19:00:00,20:00:00,Sunday,Evening,Weekend,2,1,165,2157
2020-05-31,20:00:00,21:00:00,Sunday,Evening,Weekend,2,1,162,2319
2020-05-31,21:00:00,22:00:00,Sunday,Evening,Weekend,2,1,15,2334
2020-05-31,22:00:00,23:00:00,Sunday,Evening,Weekend,2,1,226,2560
2020-05-31,23:00:00,00:00:00,Sunday,Night,Weekend,2,1,30,2590
2020-06-01,00:00:00,01:00:00,Monday,Night,Week,2,2,56,56
2020-06-01,01:00:00,02:00:00,Monday,Night,Week,2,2,227,227
2020-06-01,02:00:00,03:00:00,Monday,Night,Week,2,2,0,227
2020-06-01,03:00:00,04:00:00,Monday,Night,Week,2,2,0,227
2020-06-01,04:00:00,05:00:00,Monday,Night,Week,2,2,0,227
2020-06-01,05:00:00,06:00:00,Monday,Morning,Week,2,2,0,227
2020-06-01,06:00:00,07:00:00,Monday,Morning,Week,2,2,0,227
2020-06-01,07:00:00,08:00:00,Monday,Morning,Week,2,2,140,367
2020-06-01,08:00:00,09:00:00,Monday,Morning,Week,2,2,690,1057
2020-06-01,09:00:00,10:00:00,Monday,Morning,Week,2,2,790,1847
2020-06-01,10:00:00,11:00:00,Monday,Morning,Week,2,2,41,1888
2020-06-01,11:00:00,12:00:00,Monday,Afternoon,Week,2,2,107,1995
2020-06-01,12:00:00,13:00:00,Monday,Afternoon,Week,2,2,55,2050
2020-06-01,13:00:00,14:00:00,Monday,Afternoon,Week,2,2,145,2195
2020-06-01,14:00:00,15:00:00,Monday,Afternoon,Week,2,2,0,2195
2020-06-01,15:00:00,16:00:00,Monday,Afternoon,Week,2,2,73,2268
2020-06-01,16:00:00,17:00:00,Monday,Afternoon,Week,2,2,61,2329
2020-06-01,17:00:00,18:00:00,Monday,Evening,Week,2,2,226,2555
2020-06-01,18:00:00,19:00:00,Monday,Evening,Week,2,2,141,2696
2020-06-01,19:00:00,20:00:00,Monday,Evening,Week,2,2,40,2736
2020-06-01,20:00:00,21:00:00,Monday,Evening,Week,2,2,125,2861
2020-06-01,21:00:00,22:00:00,Monday,Evening,Week,2,2,48,2909
2020-06-01,22:00:00,23:00:00,Monday,Evening,Week,2,2,60,2969
2020-06-01,23:00:00,00:00:00,Monday,Night,Week,2,2,401,3370
2020-06-02,00:00:00,01:00:00,Tuesday,Night,Week,2,2,101,101
2020-06-02,01:00:00,02:00:00,Tuesday,Night,Week,2,2,0,0
2020-06-02,02:00:00,03:00:00,Tuesday,Night,Week,2,2,0,0
2020-06-02,03:00:00,04:00:00,Tuesday,Night,Week,2,2,0,0
2020-06-02,04:00:00,05:00:00,Tuesday,Night,Week,2,2,0,0
2020-06-02,05:00:00,06:00:00,Tuesday,Morning,Week,2,2,0,0
2020-06-02,06:00:00,07:00:00,Tuesday,Morning,Week,2,2,0,0
2020-06-02,07:00:00,08:00:00,Tuesday,Morning,Week,2,2,0,0
2020-06-02,08:00:00,09:00:00,Tuesday,Morning,Week,2,2,0,0
2020-06-02,09:00:00,10:00:00,Tuesday,Morning,Week,2,2,0,0
2020-06-02,10:00:00,11:00:00,Tuesday,Morning,Week,2,2,34,34
2020-06-02,11:00:00,12:00:00,Tuesday,Afternoon,Week,2,2,386,420
2020-06-02,12:00:00,13:00:00,Tuesday,Afternoon,Week,2,2,226,646
2020-06-02,13:00:00,14:00:00,Tuesday,Afternoon,Week,2,2,503,1149
2020-06-02,14:00:00,15:00:00,Tuesday,Afternoon,Week,2,2,588,1737
2020-06-02,15:00:00,16:00:00,Tuesday,Afternoon,Week,2,2,27,1764
2020-06-02,16:00:00,17:00:00,Tuesday,Afternoon,Week,2,2,297,2061
2020-06-02,17:00:00,18:00:00,Tuesday,Evening,Week,2,2,575,2636
2020-06-02,18:00:00,19:00:00,Tuesday,Evening,Week,2,2,408,3044
2020-06-02,19:00:00,20:00:00,Tuesday,Evening,Week,2,2,170,3214
2020-06-02,20:00:00,21:00:00,Tuesday,Evening,Week,2,2,396,3610
2020-06-02,21:00:00,22:00:00,Tuesday,Evening,Week,2,2,143,3753
2020-06-02,22:00:00,23:00:00,Tuesday,Evening,Week,2,2,251,4004
2020-06-02,23:00:00,00:00:00,Tuesday,Night,Week,2,2,337,4341
2020-06-03,00:00:00,01:00:00,Wednesday,Night,Week,2,2,116,116
2020-06-03,01:00:00,02:00:00,Wednesday,Night,Week,2,2,10,10
2020-06-03,02:00:00,03:00:00,Wednesday,Night,Week,2,2,0,10
2020-06-03,03:00:00,04:00:00,Wednesday,Night,Week,2,2,0,10
2020-06-03,04:00:00,05:00:00,Wednesday,Night,Week,2,2,0,10
2020-06-03,05:00:00,06:00:00,Wednesday,Morning,Week,2,2,0,10
2020-06-03,06:00:00,07:00:00,Wednesday,Morning,Week,2,2,0,10
2020-06-03,07:00:00,08:00:00,Wednesday,Morning,Week,2,2,0,10
2020-06-03,08:00:00,09:00:00,Wednesday,Morning,Week,2,2,55,65
2020-06-03,09:00:00,10:00:00,Wednesday,Morning,Week,2,2,221,286
2020-06-03,10:00:00,11:00:00,Wednesday,Morning,Week,2,2,154,440
2020-06-03,11:00:00,12:00:00,Wednesday,Afternoon,Week,2,2,177,617
2020-06-03,12:00:00,13:00:00,Wednesday,Afternoon,Week,2,2,82,699
2020-06-03,13:00:00,14:00:00,Wednesday,Afternoon,Week,2,2,192,891
2020-06-03,14:00:00,15:00:00,Wednesday,Afternoon,Week,2,2,85,976
2020-06-03,15:00:00,16:00:00,Wednesday,Afternoon,Week,2,2,314,1290
2020-06-03,16:00:00,17:00:00,Wednesday,Afternoon,Week,2,2,236,1526
2020-06-03,17:00:00,18:00:00,Wednesday,Evening,Week,2,2,0,1526
2020-06-03,18:00:00,19:00:00,Wednesday,Evening,Week,2,2,700,2226
2020-06-03,19:00:00,20:00:00,Wednesday,Evening,Week,2,2,126,2352
2020-06-03,20:00:00,21:00:00,Wednesday,Evening,Week,2,2,76,2428
2020-06-03,21:00:00,22:00:00,Wednesday,Evening,Week,2,2,48,2476
2020-06-03,22:00:00,23:00:00,Wednesday,Evening,Week,2,2,69,2545
2020-06-03,23:00:00,00:00:00,Wednesday,Night,Week,2,2,84,2629
2020-06-04,00:00:00,01:00:00,Thursday,Night,Week,2,2,66,66
2020-06-04,01:00:00,02:00:00,Thursday,Night,Week,2,2,153,153
2020-06-04,02:00:00,03:00:00,Thursday,Night,Week,2,2,0,153
2020-06-04,03:00:00,04:00:00,Thursday,Night,Week,2,2,0,153
2020-06-04,04:00:00,05:00:00,Thursday,Night,Week,2,2,0,153
2020-06-04,05:00:00,06:00:00,Thursday,Morning,Week,2,2,0,153
2020-06-04,06:00:00,07:00:00,Thursday,Morning,Week,2,2,0,153
2020-06-04,07:00:00,08:00:00,Thursday,Morning,Week,2,2,0,153
2020-06-04,08:00:00,09:00:00,Thursday,Morning,Week,2,2,392,545
2020-06-04,09:00:00,10:00:00,Thursday,Morning,Week,2,2,751,1296
2020-06-04,10:00:00,11:00:00,Thursday,Morning,Week,2,2,992,2288
2020-06-04,11:00:00,12:00:00,Thursday,Afternoon,Week,2,2,235,2523
2020-06-04,12:00:00,13:00:00,Thursday,Afternoon,Week,2,2,95,2618
2020-06-04,13:00:00,14:00:00,Thursday,Afternoon,Week,2,2,142,2760
2020-06-04,14:00:00,15:00:00,Thursday,Afternoon,Week,2,2,124,2884
2020-06-04,15:00:00,16:00:00,Thursday,Afternoon,Week,2,2,20,2904
2020-06-04,16:00:00,17:00:00,Thursday,Afternoon,Week,2,2,175,3079
2020-06-04,17:00:00,18:00:00,Thursday,Evening,Week,2,2,42,3121
2020-06-04,18:00:00,19:00:00,Thursday,Evening,Week,2,2,13,3134
2020-06-04,19:00:00,20:00:00,Thursday,Evening,Week,2,2,79,3213
2020-06-04,20:00:00,21:00:00,Thursday,Evening,Week,2,2,120,3333
2020-06-04,21:00:00,22:00:00,Thursday,Evening,Week,2,2,682,4015
2020-06-04,22:00:00,23:00:00,Thursday,Evening,Week,2,2,404,4419
2020-06-04,23:00:00,00:00:00,Thursday,Night,Week,2,2,147,4566
2020-06-05,00:00:00,01:00:00,Friday,Night,Week,2,2,34,34
2020-06-05,01:00:00,02:00:00,Friday,Night,Week,2,2,50,50
2020-06-05,02:00:00,03:00:00,Friday,Night,Week,2,2,0,50
2020-06-05,03:00:00,04:00:00,Friday,Night,Week,2,2,0,50
2020-06-05,04:00:00,05:00:00,Friday,Night,Week,2,2,0,50
2020-06-05,05:00:00,06:00:00,Friday,Morning,Week,2,2,0,50
2020-06-05,06:00:00,07:00:00,Friday,Morning,Week,2,2,0,50
2020-06-05,07:00:00,08:00:00,Friday,Morning,Week,2,2,0,50
2020-06-05,08:00:00,09:00:00,Friday,Morning,Week,2,2,104,154
2020-06-05,09:00:00,10:00:00,Friday,Morning,Week,2,2,378,532
2020-06-05,10:00:00,11:00:00,Friday,Morning,Week,2,2,54,586
2020-06-05,11:00:00,12:00:00,Friday,Afternoon,Week,2,2,45,631
2020-06-05,12:00:00,13:00:00,Friday,Afternoon,Week,2,2,10,641
2020-06-05,13:00:00,14:00:00,Friday,Afternoon,Week,2,2,73,714
2020-06-05,14:00:00,15:00:00,Friday,Afternoon,Week,2,2,233,947
2020-06-05,15:00:00,16:00:00,Friday,Afternoon,Week,2,2,89,1036
2020-06-05,16:00:00,17:00:00,Friday,Afternoon,Week,2,2,55,1091
2020-06-05,17:00:00,18:00:00,Friday,Evening,Week,2,2,1121,2212
2020-06-05,18:00:00,19:00:00,Friday,Evening,Week,2,2,888,3100
2020-06-05,19:00:00,20:00:00,Friday,Evening,Week,2,2,978,4078
2020-06-05,20:00:00,21:00:00,Friday,Evening,Week,2,2,952,5030
2020-06-05,21:00:00,22:00:00,Friday,Evening,Week,2,2,1067,6097
2020-06-05,22:00:00,23:00:00,Friday,Evening,Week,2,2,920,7017
2020-06-05,23:00:00,00:00:00,Friday,Night,Week,2,2,60,7077
2020-06-06,00:00:00,01:00:00,Saturday,Night,Weekend,2,2,236,236
2020-06-06,01:00:00,02:00:00,Saturday,Night,Weekend,2,2,0,0
2020-06-06,02:00:00,03:00:00,Saturday,Night,Weekend,2,2,0,0
2020-06-06,03:00:00,04:00:00,Saturday,Night,Weekend,2,2,0,0
2020-06-06,04:00:00,05:00:00,Saturday,Night,Weekend,2,2,0,0
2020-06-06,05:00:00,06:00:00,Saturday,Morning,Weekend,2,2,0,0
2020-06-06,06:00:00,07:00:00,Saturday,Morning,Weekend,2,2,0,0
2020-06-06,07:00:00,08:00:00,Saturday,Morning,Weekend,2,2,0,0
2020-06-06,08:00:00,09:00:00,Saturday,Morning,Weekend,2,2,0,0
2020-06-06,09:00:00,10:00:00,Saturday,Morning,Weekend,2,2,0,0
2020-06-06,10:00:00,11:00:00,Saturday,Morning,Weekend,2,2,0,0
2020-06-06,11:00:00,12:00:00,Saturday,Afternoon,Weekend,2,2,144,144
2020-06-06,12:00:00,13:00:00,Saturday,Afternoon,Weekend,2,2,306,450
2020-06-06,13:00:00,14:00:00,Saturday,Afternoon,Weekend,2,2,43,493
2020-06-06,14:00:00,15:00:00,Saturday,Afternoon,Weekend,2,2,562,1055
2020-06-06,15:00:00,16:00:00,Saturday,Afternoon,Weekend,2,2,27,1082
2020-06-06,16:00:00,17:00:00,Saturday,Afternoon,Weekend,2,2,287,1369
2020-06-06,17:00:00,18:00:00,Saturday,Evening,Weekend,2,2,55,1424
2020-06-06,18:00:00,19:00:00,Saturday,Evening,Weekend,2,2,0,1424
2020-06-06,19:00:00,20:00:00,Saturday,Evening,Weekend,2,2,148,1572
2020-06-06,20:00:00,21:00:00,Saturday,Evening,Weekend,2,2,453,2025
2020-06-06,21:00:00,22:00:00,Saturday,Evening,Weekend,2,2,40,2065
2020-06-06,22:00:00,23:00:00,Saturday,Evening,Weekend,2,2,110,2175
2020-06-06,23:00:00,00:00:00,Saturday,Night,Weekend,2,2,81,2256
2020-06-07,00:00:00,01:00:00,Sunday,Night,Weekend,2,2,179,179
2020-06-07,01:00:00,02:00:00,Sunday,Night,Weekend,2,2,80,80
2020-06-07,02:00:00,03:00:00,Sunday,Night,Weekend,2,2,0,80
2020-06-07,03:00:00,04:00:00,Sunday,Night,Weekend,2,2,0,80
2020-06-07,04:00:00,05:00:00,Sunday,Night,Weekend,2,2,0,80
2020-06-07,05:00:00,06:00:00,Sunday,Morning,Weekend,2,2,0,80
2020-06-07,06:00:00,07:00:00,Sunday,Morning,Weekend,2,2,0,80
2020-06-07,07:00:00,08:00:00,Sunday,Morning,Weekend,2,2,0,80
2020-06-07,08:00:00,09:00:00,Sunday,Morning,Weekend,2,2,37,117
2020-06-07,09:00:00,10:00:00,Sunday,Morning,Weekend,2,2,301,418
2020-06-07,10:00:00,11:00:00,Sunday,Morning,Weekend,2,2,105,523
2020-06-07,11:00:00,12:00:00,Sunday,Afternoon,Weekend,2,2,310,833
2020-06-07,12:00:00,13:00:00,Sunday,Afternoon,Weekend,2,2,238,1071
2020-06-07,13:00:00,14:00:00,Sunday,Afternoon,Weekend,2,2,354,1425
2020-06-07,14:00:00,15:00:00,Sunday,Afternoon,Weekend,2,2,86,1511
2020-06-07,15:00:00,16:00:00,Sunday,Afternoon,Weekend,2,2,124,1635
2020-06-07,16:00:00,17:00:00,Sunday,Afternoon,Weekend,2,2,366,2001
2020-06-07,17:00:00,18:00:00,Sunday,Evening,Weekend,2,2,12,2013
2020-06-07,18:00:00,19:00:00,Sunday,Evening,Weekend,2,2,135,2148
2020-06-07,19:00:00,20:00:00,Sunday,Evening,Weekend,2,2,40,2188
2020-06-07,20:00:00,21:00:00,Sunday,Evening,Weekend,2,2,90,2278
2020-06-07,21:00:00,22:00:00,Sunday,Evening,Weekend,2,2,99,2377
2020-06-07,22:00:00,23:00:00,Sunday,Evening,Weekend,2,2,331,2708
2020-06-07,23:00:00,00:00:00,Sunday,Night,Weekend,2,2,183,2891
2020-05-25,00:00:00,01:00:00,Monday,Night,Week,3,1,37,37
2020-05-25,01:00:00,02:00:00,Monday,Night,Week,3,1,0,37
2020-05-25,02:00:00,03:00:00,Monday,Night,Week,3,1,0,37
2020-05-25,03:00:00,04:00:00,Monday,Night,Week,3,1,0,37
2020-05-25,04:00:00,05:00:00,Monday,Night,Week,3,1,0,37
2020-05-25,05:00:00,06:00:00,Monday,Morning,Week,3,1,0,37
2020-05-25,06:00:00,07:00:00,Monday,Morning,Week,3,1,0,37
2020-05-25,07:00:00,08:00:00,Monday,Morning,Week,3,1,0,37
2020-05-25,08:00:00,09:00:00,Monday,Morning,Week,3,1,114,151
2020-05-25,09:00:00,10:00:00,Monday,Morning,Week,3,1,221,372
2020-05-25,10:00:00,11:00:00,Monday,Morning,Week,3,1,59,431
2020-05-25,11:00:00,12:00:00,Monday,Afternoon,Week,3,1,0,431
2020-05-25,12:00:00,13:00:00,Monday,Afternoon,Week,3,1,25,456
2020-05-25,13:00:00,14:00:00,Monday,Afternoon,Week,3,1,179,635
2020-05-25,14:00:00,15:00:00,Monday,Afternoon,Week,3,1,164,799
2020-05-25,15:00:00,16:00:00,Monday,Afternoon,Week,3,1,71,870
2020-05-25,16:00:00,17:00:00,Monday,Afternoon,Week,3,1,0,870
2020-05-25,17:00:00,18:00:00,Monday,Evening,Week,3,1,850,1720
2020-05-25,18:00:00,19:00:00,Monday,Evening,Week,3,1,2731,4451
2020-05-25,19:00:00,20:00:00,Monday,Evening,Week,3,1,828,5279
2020-05-25,20:00:00,21:00:00,Monday,Evening,Week,3,1,417,5696
2020-05-25,21:00:00,22:00:00,Monday,Evening,Week,3,1,153,5849
2020-05-25,22:00:00,23:00:00,Monday,Evening,Week,3,1,554,6403
2020-05-25,23:00:00,00:00:00,Monday,Night,Week,3,1,605,7008
2020-05-26,00:00:00,01:00:00,Tuesday,Night,Week,3,1,15,15
2020-05-26,01:00:00,02:00:00,Tuesday,Night,Week,3,1,0,0
2020-05-26,02:00:00,03:00:00,Tuesday,Night,Week,3,1,0,0
2020-05-26,03:00:00,04:00:00,Tuesday,Night,Week,3,1,0,0
2020-05-26,04:00:00,05:00:00,Tuesday,Night,Week,3,1,0,0
2020-05-26,05:00:00,06:00:00,Tuesday,Morning,Week,3,1,0,0
2020-05-26,06:00:00,07:00:00,Tuesday,Morning,Week,3,1,0,0
2020-05-26,07:00:00,08:00:00,Tuesday,Morning,Week,3,1,0,0
2020-05-26,08:00:00,09:00:00,Tuesday,Morning,Week,3,1,58,58
2020-05-26,09:00:00,10:00:00,Tuesday,Morning,Week,3,1,128,186
2020-05-26,10:00:00,11:00:00,Tuesday,Morning,Week,3,1,243,429
2020-05-26,11:00:00,12:00:00,Tuesday,Afternoon,Week,3,1,218,647
2020-05-26,12:00:00,13:00:00,Tuesday,Afternoon,Week,3,1,155,802
2020-05-26,13:00:00,14:00:00,Tuesday,Afternoon,Week,3,1,1680,2482
2020-05-26,14:00:00,15:00:00,Tuesday,Afternoon,Week,3,1,2914,5396
2020-05-26,15:00:00,16:00:00,Tuesday,Afternoon,Week,3,1,36,5432
2020-05-26,16:00:00,17:00:00,Tuesday,Afternoon,Week,3,1,0,5432
2020-05-26,17:00:00,18:00:00,Tuesday,Evening,Week,3,1,64,5496
2020-05-26,18:00:00,19:00:00,Tuesday,Evening,Week,3,1,902,6398
2020-05-26,19:00:00,20:00:00,Tuesday,Evening,Week,3,1,80,6478
2020-05-26,20:00:00,21:00:00,Tuesday,Evening,Week,3,1,171,6649
2020-05-26,21:00:00,22:00:00,Tuesday,Evening,Week,3,1,47,6696
2020-05-26,22:00:00,23:00:00,Tuesday,Evening,Week,3,1,266,6962
2020-05-26,23:00:00,00:00:00,Tuesday,Night,Week,3,1,71,7033
2020-05-27,00:00:00,01:00:00,Wednesday,Night,Week,3,1,151,151
2020-05-27,01:00:00,02:00:00,Wednesday,Night,Week,3,1,0,0
2020-05-27,02:00:00,03:00:00,Wednesday,Night,Week,3,1,0,0
2020-05-27,03:00:00,04:00:00,Wednesday,Night,Week,3,1,0,0
2020-05-27,04:00:00,05:00:00,Wednesday,Night,Week,3,1,0,0
2020-05-27,05:00:00,06:00:00,Wednesday,Morning,Week,3,1,0,0
2020-05-27,06:00:00,07:00:00,Wednesday,Morning,Week,3,1,0,0
2020-05-27,07:00:00,08:00:00,Wednesday,Morning,Week,3,1,0,0
2020-05-27,08:00:00,09:00:00,Wednesday,Morning,Week,3,1,0,0
2020-05-27,09:00:00,10:00:00,Wednesday,Morning,Week,3,1,114,114
2020-05-27,10:00:00,11:00:00,Wednesday,Morning,Week,3,1,41,155
2020-05-27,11:00:00,12:00:00,Wednesday,Afternoon,Week,3,1,337,492
2020-05-27,12:00:00,13:00:00,Wednesday,Afternoon,Week,3,1,0,492
2020-05-27,13:00:00,14:00:00,Wednesday,Afternoon,Week,3,1,521,1013
2020-05-27,14:00:00,15:00:00,Wednesday,Afternoon,Week,3,1,68,1081
2020-05-27,15:00:00,16:00:00,Wednesday,Afternoon,Week,3,1,148,1229
2020-05-27,16:00:00,17:00:00,Wednesday,Afternoon,Week,3,1,435,1664
2020-05-27,17:00:00,18:00:00,Wednesday,Evening,Week,3,1,457,2121
2020-05-27,18:00:00,19:00:00,Wednesday,Evening,Week,3,1,167,2288
2020-05-27,19:00:00,20:00:00,Wednesday,Evening,Week,3,1,217,2505
2020-05-27,20:00:00,21:00:00,Wednesday,Evening,Week,3,1,268,2773
2020-05-27,21:00:00,22:00:00,Wednesday,Evening,Week,3,1,1647,4420
2020-05-27,22:00:00,23:00:00,Wednesday,Evening,Week,3,1,368,4788
2020-05-27,23:00:00,00:00:00,Wednesday,Night,Week,3,1,134,4922
2020-05-28,00:00:00,01:00:00,Thursday,Night,Week,3,1,0,0
2020-05-28,01:00:00,02:00:00,Thursday,Night,Week,3,1,0,0
2020-05-28,02:00:00,03:00:00,Thursday,Night,Week,3,1,0,0
2020-05-28,03:00:00,04:00:00,Thursday,Night,Week,3,1,0,0
2020-05-28,04:00:00,05:00:00,Thursday,Night,Week,3,1,0,0
2020-05-28,05:00:00,06:00:00,Thursday,Morning,Week,3,1,0,0
2020-05-28,06:00:00,07:00:00,Thursday,Morning,Week,3,1,0,0
2020-05-28,07:00:00,08:00:00,Thursday,Morning,Week,3,1,0,0
2020-05-28,08:00:00,09:00:00,Thursday,Morning,Week,3,1,0,0
2020-05-28,09:00:00,10:00:00,Thursday,Morning,Week,3,1,56,56
2020-05-28,10:00:00,11:00:00,Thursday,Morning,Week,3,1,943,999
2020-05-28,11:00:00,12:00:00,Thursday,Afternoon,Week,3,1,477,1476
2020-05-28,12:00:00,13:00:00,Thursday,Afternoon,Week,3,1,95,1571
2020-05-28,13:00:00,14:00:00,Thursday,Afternoon,Week,3,1,118,1689
2020-05-28,14:00:00,15:00:00,Thursday,Afternoon,Week,3,1,41,1730
2020-05-28,15:00:00,16:00:00,Thursday,Afternoon,Week,3,1,1811,3541
2020-05-28,16:00:00,17:00:00,Thursday,Afternoon,Week,3,1,38,3579
2020-05-28,17:00:00,18:00:00,Thursday,Evening,Week,3,1,1114,4693
2020-05-28,18:00:00,19:00:00,Thursday,Evening,Week,3,1,726,5419
2020-05-28,19:00:00,20:00:00,Thursday,Evening,Week,3,1,719,6138
2020-05-28,20:00:00,21:00:00,Thursday,Evening,Week,3,1,439,6577
2020-05-28,21:00:00,22:00:00,Thursday,Evening,Week,3,1,523,7100
2020-05-28,22:00:00,23:00:00,Thursday,Evening,Week,3,1,269,7369
2020-05-28,23:00:00,00:00:00,Thursday,Night,Week,3,1,0,7369
2020-05-29,00:00:00,01:00:00,Friday,Night,Week,3,1,0,0
2020-05-29,01:00:00,02:00:00,Friday,Night,Week,3,1,0,0
2020-05-29,02:00:00,03:00:00,Friday,Night,Week,3,1,0,0
2020-05-29,03:00:00,04:00:00,Friday,Night,Week,3,1,0,0
2020-05-29,04:00:00,05:00:00,Friday,Night,Week,3,1,0,0
2020-05-29,05:00:00,06:00:00,Friday,Morning,Week,3,1,0,0
2020-05-29,06:00:00,07:00:00,Friday,Morning,Week,3,1,0,0
2020-05-29,07:00:00,08:00:00,Friday,Morning,Week,3,1,0,0
2020-05-29,08:00:00,09:00:00,Friday,Morning,Week,3,1,0,0
2020-05-29,09:00:00,10:00:00,Friday,Morning,Week,3,1,217,217
2020-05-29,10:00:00,11:00:00,Friday,Morning,Week,3,1,360,577
2020-05-29,11:00:00,12:00:00,Friday,Afternoon,Week,3,1,857,1434
2020-05-29,12:00:00,13:00:00,Friday,Afternoon,Week,3,1,298,1732
2020-05-29,13:00:00,14:00:00,Friday,Afternoon,Week,3,1,309,2041
2020-05-29,14:00:00,15:00:00,Friday,Afternoon,Week,3,1,312,2353
2020-05-29,15:00:00,16:00:00,Friday,Afternoon,Week,3,1,775,3128
2020-05-29,16:00:00,17:00:00,Friday,Afternoon,Week,3,1,416,3544
2020-05-29,17:00:00,18:00:00,Friday,Evening,Week,3,1,736,4280
2020-05-29,18:00:00,19:00:00,Friday,Evening,Week,3,1,627,4907
2020-05-29,19:00:00,20:00:00,Friday,Evening,Week,3,1,821,5728
2020-05-29,20:00:00,21:00:00,Friday,Evening,Week,3,1,1762,7490
2020-05-29,21:00:00,22:00:00,Friday,Evening,Week,3,1,2655,10145
2020-05-29,22:00:00,23:00:00,Friday,Evening,Week,3,1,541,10686
2020-05-29,23:00:00,00:00:00,Friday,Night,Week,3,1,178,10864
2020-05-30,00:00:00,01:00:00,Saturday,Night,Weekend,3,1,0,0
2020-05-30,01:00:00,02:00:00,Saturday,Night,Weekend,3,1,0,0
2020-05-30,02:00:00,03:00:00,Saturday,Night,Weekend,3,1,0,0
2020-05-30,03:00:00,04:00:00,Saturday,Night,Weekend,3,1,0,0
2020-05-30,04:00:00,05:00:00,Saturday,Night,Weekend,3,1,0,0
2020-05-30,05:00:00,06:00:00,Saturday,Morning,Weekend,3,1,0,0
2020-05-30,06:00:00,07:00:00,Saturday,Morning,Weekend,3,1,0,0
2020-05-30,07:00:00,08:00:00,Saturday,Morning,Weekend,3,1,0,0
2020-05-30,08:00:00,09:00:00,Saturday,Morning,Weekend,3,1,0,0
2020-05-30,09:00:00,10:00:00,Saturday,Morning,Weekend,3,1,0,0
2020-05-30,10:00:00,11:00:00,Saturday,Morning,Weekend,3,1,0,0
2020-05-30,11:00:00,12:00:00,Saturday,Afternoon,Weekend,3,1,253,253
2020-05-30,12:00:00,13:00:00,Saturday,Afternoon,Weekend,3,1,0,253
2020-05-30,13:00:00,14:00:00,Saturday,Afternoon,Weekend,3,1,1704,1957
2020-05-30,14:00:00,15:00:00,Saturday,Afternoon,Weekend,3,1,2416,4373
2020-05-30,15:00:00,16:00:00,Saturday,Afternoon,Weekend,3,1,659,5032
2020-05-30,16:00:00,17:00:00,Saturday,Afternoon,Weekend,3,1,309,5341
2020-05-30,17:00:00,18:00:00,Saturday,Evening,Weekend,3,1,581,5922
2020-05-30,18:00:00,19:00:00,Saturday,Evening,Weekend,3,1,440,6362
2020-05-30,19:00:00,20:00:00,Saturday,Evening,Weekend,3,1,432,6794
2020-05-30,20:00:00,21:00:00,Saturday,Evening,Weekend,3,1,1054,7848
2020-05-30,21:00:00,22:00:00,Saturday,Evening,Weekend,3,1,201,8049
2020-05-30,22:00:00,23:00:00,Saturday,Evening,Weekend,3,1,826,8875
2020-05-30,23:00:00,00:00:00,Saturday,Night,Weekend,3,1,1129,10004
2020-05-31,00:00:00,01:00:00,Sunday,Night,Weekend,3,1,338,338
2020-05-31,01:00:00,02:00:00,Sunday,Night,Weekend,3,1,0,0
2020-05-31,02:00:00,03:00:00,Sunday,Night,Weekend,3,1,0,0
2020-05-31,03:00:00,04:00:00,Sunday,Night,Weekend,3,1,0,0
2020-05-31,04:00:00,05:00:00,Sunday,Night,Weekend,3,1,0,0
2020-05-31,05:00:00,06:00:00,Sunday,Morning,Weekend,3,1,0,0
2020-05-31,06:00:00,07:00:00,Sunday,Morning,Weekend,3,1,0,0
2020-05-31,07:00:00,08:00:00,Sunday,Morning,Weekend,3,1,0,0
2020-05-31,08:00:00,09:00:00,Sunday,Morning,Weekend,3,1,0,0
2020-05-31,09:00:00,10:00:00,Sunday,Morning,Weekend,3,1,0,0
2020-05-31,10:00:00,11:00:00,Sunday,Morning,Weekend,3,1,0,0
2020-05-31,11:00:00,12:00:00,Sunday,Afternoon,Weekend,3,1,0,0
2020-05-31,12:00:00,13:00:00,Sunday,Afternoon,Weekend,3,1,0,0
2020-05-31,13:00:00,14:00:00,Sunday,Afternoon,Weekend,3,1,592,592
2020-05-31,14:00:00,15:00:00,Sunday,Afternoon,Weekend,3,1,869,1461
2020-05-31,15:00:00,16:00:00,Sunday,Afternoon,Weekend,3,1,139,1600
2020-05-31,16:00:00,17:00:00,Sunday,Afternoon,Weekend,3,1,51,1651
2020-05-31,17:00:00,18:00:00,Sunday,Evening,Weekend,3,1,774,2425
2020-05-31,18:00:00,19:00:00,Sunday,Evening,Weekend,3,1,576,3001
2020-05-31,19:00:00,20:00:00,Sunday,Evening,Weekend,3,1,221,3222
2020-05-31,20:00:00,21:00:00,Sunday,Evening,Weekend,3,1,366,3588
2020-05-31,21:00:00,22:00:00,Sunday,Evening,Weekend,3,1,283,3871
2020-05-31,22:00:00,23:00:00,Sunday,Evening,Weekend,3,1,738,4609
2020-05-31,23:00:00,00:00:00,Sunday,Night,Weekend,3,1,0,4609
2020-06-01,00:00:00,01:00:00,Monday,Night,Week,3,2,0,0
2020-06-01,01:00:00,02:00:00,Monday,Night,Week,3,2,11,11
2020-06-01,02:00:00,03:00:00,Monday,Night,Week,3,2,0,11
2020-06-01,03:00:00,04:00:00,Monday,Night,Week,3,2,0,11
2020-06-01,04:00:00,05:00:00,Monday,Night,Week,3,2,0,11
2020-06-01,05:00:00,06:00:00,Monday,Morning,Week,3,2,16,27
2020-06-01,06:00:00,07:00:00,Monday,Morning,Week,3,2,0,27
2020-06-01,07:00:00,08:00:00,Monday,Morning,Week,3,2,0,27
2020-06-01,08:00:00,09:00:00,Monday,Morning,Week,3,2,828,855
2020-06-01,09:00:00,10:00:00,Monday,Morning,Week,3,2,818,1673
2020-06-01,10:00:00,11:00:00,Monday,Morning,Week,3,2,395,2068
2020-06-01,11:00:00,12:00:00,Monday,Afternoon,Week,3,2,54,2122
2020-06-01,12:00:00,13:00:00,Monday,Afternoon,Week,3,2,248,2370
2020-06-01,13:00:00,14:00:00,Monday,Afternoon,Week,3,2,169,2539
2020-06-01,14:00:00,15:00:00,Monday,Afternoon,Week,3,2,26,2565
2020-06-01,15:00:00,16:00:00,Monday,Afternoon,Week,3,2,331,2896
2020-06-01,16:00:00,17:00:00,Monday,Afternoon,Week,3,2,1010,3906
2020-06-01,17:00:00,18:00:00,Monday,Evening,Week,3,2,1003,4909
2020-06-01,18:00:00,19:00:00,Monday,Evening,Week,3,2,0,4909
2020-06-01,19:00:00,20:00:00,Monday,Evening,Week,3,2,794,5703
2020-06-01,20:00:00,21:00:00,Monday,Evening,Week,3,2,969,6672
2020-06-01,21:00:00,22:00:00,Monday,Evening,Week,3,2,85,6757
2020-06-01,22:00:00,23:00:00,Monday,Evening,Week,3,2,68,6825
2020-06-01,23:00:00,00:00:00,Monday,Night,Week,3,2,519,7344
2020-06-02,00:00:00,01:00:00,Tuesday,Night,Week,3,2,0,0
2020-06-02,01:00:00,02:00:00,Tuesday,Night,Week,3,2,0,0
2020-06-02,02:00:00,03:00:00,Tuesday,Night,Week,3,2,0,0
2020-06-02,03:00:00,04:00:00,Tuesday,Night,Week,3,2,0,0
2020-06-02,04:00:00,05:00:00,Tuesday,Night,Week,3,2,0,0
2020-06-02,05:00:00,06:00:00,Tuesday,Morning,Week,3,2,0,0
2020-06-02,06:00:00,07:00:00,Tuesday,Morning,Week,3,2,0,0
2020-06-02,07:00:00,08:00:00,Tuesday,Morning,Week,3,2,0,0
2020-06-02,08:00:00,09:00:00,Tuesday,Morning,Week,3,2,0,0
2020-06-02,09:00:00,10:00:00,Tuesday,Morning,Week,3,2,606,606
2020-06-02,10:00:00,11:00:00,Tuesday,Morning,Week,3,2,1250,1856
2020-06-02,11:00:00,12:00:00,Tuesday,Afternoon,Week,3,2,121,1977
2020-06-02,12:00:00,13:00:00,Tuesday,Afternoon,Week,3,2,349,2326
2020-06-02,13:00:00,14:00:00,Tuesday,Afternoon,Week,3,2,1000,3326
2020-06-02,14:00:00,15:00:00,Tuesday,Afternoon,Week,3,2,1272,4598
2020-06-02,15:00:00,16:00:00,Tuesday,Afternoon,Week,3,2,136,4734
2020-06-02,16:00:00,17:00:00,Tuesday,Afternoon,Week,3,2,816,5550
2020-06-02,17:00:00,18:00:00,Tuesday,Evening,Week,3,2,1387,6937
2020-06-02,18:00:00,19:00:00,Tuesday,Evening,Week,3,2,748,7685
2020-06-02,19:00:00,20:00:00,Tuesday,Evening,Week,3,2,418,8103
2020-06-02,20:00:00,21:00:00,Tuesday,Evening,Week,3,2,1416,9519
2020-06-02,21:00:00,22:00:00,Tuesday,Evening,Week,3,2,93,9612
2020-06-02,22:00:00,23:00:00,Tuesday,Evening,Week,3,2,332,9944
2020-06-02,23:00:00,00:00:00,Tuesday,Night,Week,3,2,780,10724
2020-06-03,00:00:00,01:00:00,Wednesday,Night,Week,3,2,99,99
2020-06-03,01:00:00,02:00:00,Wednesday,Night,Week,3,2,0,0
2020-06-03,02:00:00,03:00:00,Wednesday,Night,Week,3,2,0,0
2020-06-03,03:00:00,04:00:00,Wednesday,Night,Week,3,2,0,0
2020-06-03,04:00:00,05:00:00,Wednesday,Night,Week,3,2,0,0
2020-06-03,05:00:00,06:00:00,Wednesday,Morning,Week,3,2,0,0
2020-06-03,06:00:00,07:00:00,Wednesday,Morning,Week,3,2,0,0
2020-06-03,07:00:00,08:00:00,Wednesday,Morning,Week,3,2,0,0
2020-06-03,08:00:00,09:00:00,Wednesday,Morning,Week,3,2,110,110
2020-06-03,09:00:00,10:00:00,Wednesday,Morning,Week,3,2,1025,1135
2020-06-03,10:00:00,11:00:00,Wednesday,Morning,Week,3,2,1219,2354
2020-06-03,11:00:00,12:00:00,Wednesday,Afternoon,Week,3,2,1543,3897
2020-06-03,12:00:00,13:00:00,Wednesday,Afternoon,Week,3,2,145,4042
2020-06-03,13:00:00,14:00:00,Wednesday,Afternoon,Week,3,2,276,4318
2020-06-03,14:00:00,15:00:00,Wednesday,Afternoon,Week,3,2,195,4513
2020-06-03,15:00:00,16:00:00,Wednesday,Afternoon,Week,3,2,450,4963
2020-06-03,16:00:00,17:00:00,Wednesday,Afternoon,Week,3,2,375,5338
2020-06-03,17:00:00,18:00:00,Wednesday,Evening,Week,3,2,142,5480
2020-06-03,18:00:00,19:00:00,Wednesday,Evening,Week,3,2,666,6146
2020-06-03,19:00:00,20:00:00,Wednesday,Evening,Week,3,2,604,6750
2020-06-03,20:00:00,21:00:00,Wednesday,Evening,Week,3,2,165,6915
2020-06-03,21:00:00,22:00:00,Wednesday,Evening,Week,3,2,189,7104
2020-06-03,22:00:00,23:00:00,Wednesday,Evening,Week,3,2,1178,8282
2020-06-03,23:00:00,00:00:00,Wednesday,Night,Week,3,2,1024,9306
2020-06-04,00:00:00,01:00:00,Thursday,Night,Week,3,2,648,648
2020-06-04,01:00:00,02:00:00,Thursday,Night,Week,3,2,475,475
2020-06-04,02:00:00,03:00:00,Thursday,Night,Week,3,2,12,487
2020-06-04,03:00:00,04:00:00,Thursday,Night,Week,3,2,0,487
2020-06-04,04:00:00,05:00:00,Thursday,Night,Week,3,2,0,487
2020-06-04,05:00:00,06:00:00,Thursday,Morning,Week,3,2,0,487
2020-06-04,06:00:00,07:00:00,Thursday,Morning,Week,3,2,0,487
2020-06-04,07:00:00,08:00:00,Thursday,Morning,Week,3,2,0,487
2020-06-04,08:00:00,09:00:00,Thursday,Morning,Week,3,2,0,487
2020-06-04,09:00:00,10:00:00,Thursday,Morning,Week,3,2,0,487
2020-06-04,10:00:00,11:00:00,Thursday,Morning,Week,3,2,0,487
2020-06-04,11:00:00,12:00:00,Thursday,Afternoon,Week,3,2,84,571
2020-06-04,12:00:00,13:00:00,Thursday,Afternoon,Week,3,2,178,749
2020-06-04,13:00:00,14:00:00,Thursday,Afternoon,Week,3,2,309,1058
2020-06-04,14:00:00,15:00:00,Thursday,Afternoon,Week,3,2,146,1204
2020-06-04,15:00:00,16:00:00,Thursday,Afternoon,Week,3,2,2069,3273
2020-06-04,16:00:00,17:00:00,Thursday,Afternoon,Week,3,2,1719,4992
2020-06-04,17:00:00,18:00:00,Thursday,Evening,Week,3,2,1130,6122
2020-06-04,18:00:00,19:00:00,Thursday,Evening,Week,3,2,1557,7679
2020-06-04,19:00:00,20:00:00,Thursday,Evening,Week,3,2,116,7795
2020-06-04,20:00:00,21:00:00,Thursday,Evening,Week,3,2,198,7993
2020-06-04,21:00:00,22:00:00,Thursday,Evening,Week,3,2,154,8147
2020-06-04,22:00:00,23:00:00,Thursday,Evening,Week,3,2,254,8401
2020-06-04,23:00:00,00:00:00,Thursday,Night,Week,3,2,721,9122
2020-06-05,00:00:00,01:00:00,Friday,Night,Week,3,2,408,408
2020-06-05,01:00:00,02:00:00,Friday,Night,Week,3,2,0,0
2020-06-05,02:00:00,03:00:00,Friday,Night,Week,3,2,0,0
2020-06-05,03:00:00,04:00:00,Friday,Night,Week,3,2,0,0
2020-06-05,04:00:00,05:00:00,Friday,Night,Week,3,2,0,0
2020-06-05,05:00:00,06:00:00,Friday,Morning,Week,3,2,0,0
2020-06-05,06:00:00,07:00:00,Friday,Morning,Week,3,2,0,0
2020-06-05,07:00:00,08:00:00,Friday,Morning,Week,3,2,0,0
2020-06-05,08:00:00,09:00:00,Friday,Morning,Week,3,2,0,0
2020-06-05,09:00:00,10:00:00,Friday,Morning,Week,3,2,332,332
2020-06-05,10:00:00,11:00:00,Friday,Morning,Week,3,2,29,361
2020-06-05,11:00:00,12:00:00,Friday,Afternoon,Week,3,2,210,571
2020-06-05,12:00:00,13:00:00,Friday,Afternoon,Week,3,2,327,898
2020-06-05,13:00:00,14:00:00,Friday,Afternoon,Week,3,2,1130,2028
2020-06-05,14:00:00,15:00:00,Friday,Afternoon,Week,3,2,497,2525
2020-06-05,15:00:00,16:00:00,Friday,Afternoon,Week,3,2,196,2721
2020-06-05,16:00:00,17:00:00,Friday,Afternoon,Week,3,2,55,2776
2020-06-05,17:00:00,18:00:00,Friday,Evening,Week,3,2,624,3400
2020-06-05,18:00:00,19:00:00,Friday,Evening,Week,3,2,1427,4827
2020-06-05,19:00:00,20:00:00,Friday,Evening,Week,3,2,3408,8235
2020-06-05,20:00:00,21:00:00,Friday,Evening,Week,3,2,2432,10667
2020-06-05,21:00:00,22:00:00,Friday,Evening,Week,3,2,381,11048
2020-06-05,22:00:00,23:00:00,Friday,Evening,Week,3,2,1579,12627
2020-06-05,23:00:00,00:00:00,Friday,Night,Week,3,2,815,13442
2020-06-06,00:00:00,01:00:00,Saturday,Night,Weekend,3,2,1560,1560
2020-06-06,01:00:00,02:00:00,Saturday,Night,Weekend,3,2,177,177
2020-06-06,02:00:00,03:00:00,Saturday,Night,Weekend,3,2,44,221
2020-06-06,03:00:00,04:00:00,Saturday,Night,Weekend,3,2,0,221
2020-06-06,04:00:00,05:00:00,Saturday,Night,Weekend,3,2,0,221
2020-06-06,05:00:00,06:00:00,Saturday,Morning,Weekend,3,2,0,221
2020-06-06,06:00:00,07:00:00,Saturday,Morning,Weekend,3,2,0,221
2020-06-06,07:00:00,08:00:00,Saturday,Morning,Weekend,3,2,0,221
2020-06-06,08:00:00,09:00:00,Saturday,Morning,Weekend,3,2,0,221
2020-06-06,09:00:00,10:00:00,Saturday,Morning,Weekend,3,2,0,221
2020-06-06,10:00:00,11:00:00,Saturday,Morning,Weekend,3,2,0,221
2020-06-06,11:00:00,12:00:00,Saturday,Afternoon,Weekend,3,2,25,246
2020-06-06,12:00:00,13:00:00,Saturday,Afternoon,Weekend,3,2,53,299
2020-06-06,13:00:00,14:00:00,Saturday,Afternoon,Weekend,3,2,60,359
2020-06-06,14:00:00,15:00:00,Saturday,Afternoon,Weekend,3,2,33,392
2020-06-06,15:00:00,16:00:00,Saturday,Afternoon,Weekend,3,2,112,504
2020-06-06,16:00:00,17:00:00,Saturday,Afternoon,Weekend,3,2,8,512
2020-06-06,17:00:00,18:00:00,Saturday,Evening,Weekend,3,2,280,792
2020-06-06,18:00:00,19:00:00,Saturday,Evening,Weekend,3,2,140,932
2020-06-06,19:00:00,20:00:00,Saturday,Evening,Weekend,3,2,179,1111
2020-06-06,20:00:00,21:00:00,Saturday,Evening,Weekend,3,2,150,1261
2020-06-06,21:00:00,22:00:00,Saturday,Evening,Weekend,3,2,1247,2508
2020-06-06,22:00:00,23:00:00,Saturday,Evening,Weekend,3,2,235,2743
2020-06-06,23:00:00,00:00:00,Saturday,Night,Weekend,3,2,416,3159
2020-06-07,00:00:00,01:00:00,Sunday,Night,Weekend,3,2,192,192
2020-06-07,01:00:00,02:00:00,Sunday,Night,Weekend,3,2,211,211
2020-06-07,02:00:00,03:00:00,Sunday,Night,Weekend,3,2,108,319
2020-06-07,03:00:00,04:00:00,Sunday,Night,Weekend,3,2,0,319
2020-06-07,04:00:00,05:00:00,Sunday,Night,Weekend,3,2,0,319
2020-06-07,05:00:00,06:00:00,Sunday,Morning,Weekend,3,2,0,319
2020-06-07,06:00:00,07:00:00,Sunday,Morning,Weekend,3,2,0,319
2020-06-07,07:00:00,08:00:00,Sunday,Morning,Weekend,3,2,0,319
2020-06-07,08:00:00,09:00:00,Sunday,Morning,Weekend,3,2,0,319
2020-06-07,09:00:00,10:00:00,Sunday,Morning,Weekend,3,2,0,319
2020-06-07,10:00:00,11:00:00,Sunday,Morning,Weekend,3,2,0,319
2020-06-07,11:00:00,12:00:00,Sunday,Afternoon,Weekend,3,2,0,319
2020-06-07,12:00:00,13:00:00,Sunday,Afternoon,Weekend,3,2,0,319
2020-06-07,13:00:00,14:00:00,Sunday,Afternoon,Weekend,3,2,20,339
2020-06-07,14:00:00,15:00:00,Sunday,Afternoon,Weekend,3,2,681,1020
2020-06-07,15:00:00,16:00:00,Sunday,Afternoon,Weekend,3,2,1936,2956
2020-06-07,16:00:00,17:00:00,Sunday,Afternoon,Weekend,3,2,1767,4723
2020-06-07,17:00:00,18:00:00,Sunday,Evening,Weekend,3,2,140,4863
2020-06-07,18:00:00,19:00:00,Sunday,Evening,Weekend,3,2,0,4863
2020-06-07,19:00:00,20:00:00,Sunday,Evening,Weekend,3,2,1309,6172
2020-06-07,20:00:00,21:00:00,Sunday,Evening,Weekend,3,2,1456,7628
2020-06-07,21:00:00,22:00:00,Sunday,Evening,Weekend,3,2,146,7774
2020-06-07,22:00:00,23:00:00,Sunday,Evening,Weekend,3,2,0,7774
2020-06-07,23:00:00,00:00:00,Sunday,Night,Weekend,3,2,89,7863
2020-05-25,00:00:00,01:00:00,Monday,Night,Week,4,1,0,0
2020-05-25,01:00:00,02:00:00,Monday,Night,Week,4,1,0,0
2020-05-25,02:00:00,03:00:00,Monday,Night,Week,4,1,0,0
2020-05-25,03:00:00,04:00:00,Monday,Night,Week,4,1,0,0
2020-05-25,04:00:00,05:00:00,Monday,Night,Week,4,1,0,0
2020-05-25,05:00:00,06:00:00,Monday,Morning,Week,4,1,0,0
2020-05-25,06:00:00,07:00:00,Monday,Morning,Week,4,1,0,0
2020-05-25,07:00:00,08:00:00,Monday,Morning,Week,4,1,0,0
2020-05-25,08:00:00,09:00:00,Monday,Morning,Week,4,1,0,0
2020-05-25,09:00:00,10:00:00,Monday,Morning,Week,4,1,212,212
2020-05-25,10:00:00,11:00:00,Monday,Morning,Week,4,1,152,364
2020-05-25,11:00:00,12:00:00,Monday,Afternoon,Week,4,1,104,468
2020-05-25,12:00:00,13:00:00,Monday,Afternoon,Week,4,1,0,468
2020-05-25,13:00:00,14:00:00,Monday,Afternoon,Week,4,1,0,468
2020-05-25,14:00:00,15:00:00,Monday,Afternoon,Week,4,1,103,571
2020-05-25,15:00:00,16:00:00,Monday,Afternoon,Week,4,1,34,605
2020-05-25,16:00:00,17:00:00,Monday,Afternoon,Week,4,1,253,858
2020-05-25,17:00:00,18:00:00,Monday,Evening,Week,4,1,209,1067
2020-05-25,18:00:00,19:00:00,Monday,Evening,Week,4,1,79,1146
2020-05-25,19:00:00,20:00:00,Monday,Evening,Week,4,1,145,1291
2020-05-25,20:00:00,21:00:00,Monday,Evening,Week,4,1,0,1291
2020-05-25,21:00:00,22:00:00,Monday,Evening,Week,4,1,107,1398
2020-05-25,22:00:00,23:00:00,Monday,Evening,Week,4,1,158,1556
2020-05-25,23:00:00,00:00:00,Monday,Night,Week,4,1,0,1556
2020-05-26,00:00:00,01:00:00,Tuesday,Night,Week,4,1,0,0
2020-05-26,01:00:00,02:00:00,Tuesday,Night,Week,4,1,0,0
2020-05-26,02:00:00,03:00:00,Tuesday,Night,Week,4,1,0,0
2020-05-26,03:00:00,04:00:00,Tuesday,Night,Week,4,1,0,0
2020-05-26,04:00:00,05:00:00,Tuesday,Night,Week,4,1,0,0
2020-05-26,05:00:00,06:00:00,Tuesday,Morning,Week,4,1,0,0
2020-05-26,06:00:00,07:00:00,Tuesday,Morning,Week,4,1,0,0
2020-05-26,07:00:00,08:00:00,Tuesday,Morning,Week,4,1,0,0
2020-05-26,08:00:00,09:00:00,Tuesday,Morning,Week,4,1,0,0
2020-05-26,09:00:00,10:00:00,Tuesday,Morning,Week,4,1,159,159
2020-05-26,10:00:00,11:00:00,Tuesday,Morning,Week,4,1,142,301
2020-05-26,11:00:00,12:00:00,Tuesday,Afternoon,Week,4,1,0,301
2020-05-26,12:00:00,13:00:00,Tuesday,Afternoon,Week,4,1,287,588
2020-05-26,13:00:00,14:00:00,Tuesday,Afternoon,Week,4,1,224,812
2020-05-26,14:00:00,15:00:00,Tuesday,Afternoon,Week,4,1,512,1324
2020-05-26,15:00:00,16:00:00,Tuesday,Afternoon,Week,4,1,47,1371
2020-05-26,16:00:00,17:00:00,Tuesday,Afternoon,Week,4,1,0,1371
2020-05-26,17:00:00,18:00:00,Tuesday,Evening,Week,4,1,0,1371
2020-05-26,18:00:00,19:00:00,Tuesday,Evening,Week,4,1,110,1481
2020-05-26,19:00:00,20:00:00,Tuesday,Evening,Week,4,1,354,1835
2020-05-26,20:00:00,21:00:00,Tuesday,Evening,Week,4,1,116,1951
2020-05-26,21:00:00,22:00:00,Tuesday,Evening,Week,4,1,215,2166
2020-05-26,22:00:00,23:00:00,Tuesday,Evening,Week,4,1,0,2166
2020-05-26,23:00:00,00:00:00,Tuesday,Night,Week,4,1,236,2402
2020-05-27,00:00:00,01:00:00,Wednesday,Night,Week,4,1,0,0
2020-05-27,01:00:00,02:00:00,Wednesday,Night,Week,4,1,0,0
2020-05-27,02:00:00,03:00:00,Wednesday,Night,Week,4,1,0,0
2020-05-27,03:00:00,04:00:00,Wednesday,Night,Week,4,1,0,0
2020-05-27,04:00:00,05:00:00,Wednesday,Night,Week,4,1,0,0
2020-05-27,05:00:00,06:00:00,Wednesday,Morning,Week,4,1,0,0
2020-05-27,06:00:00,07:00:00,Wednesday,Morning,Week,4,1,0,0
2020-05-27,07:00:00,08:00:00,Wednesday,Morning,Week,4,1,0,0
2020-05-27,08:00:00,09:00:00,Wednesday,Morning,Week,4,1,0,0
2020-05-27,09:00:00,10:00:00,Wednesday,Morning,Week,4,1,313,313
2020-05-27,10:00:00,11:00:00,Wednesday,Morning,Week,4,1,45,358
2020-05-27,11:00:00,12:00:00,Wednesday,Afternoon,Week,4,1,125,483
2020-05-27,12:00:00,13:00:00,Wednesday,Afternoon,Week,4,1,101,584
2020-05-27,13:00:00,14:00:00,Wednesday,Afternoon,Week,4,1,0,584
2020-05-27,14:00:00,15:00:00,Wednesday,Afternoon,Week,4,1,334,918
2020-05-27,15:00:00,16:00:00,Wednesday,Afternoon,Week,4,1,0,918
2020-05-27,16:00:00,17:00:00,Wednesday,Afternoon,Week,4,1,36,954
2020-05-27,17:00:00,18:00:00,Wednesday,Evening,Week,4,1,0,954
2020-05-27,18:00:00,19:00:00,Wednesday,Evening,Week,4,1,0,954
2020-05-27,19:00:00,20:00:00,Wednesday,Evening,Week,4,1,299,1253
2020-05-27,20:00:00,21:00:00,Wednesday,Evening,Week,4,1,185,1438
2020-05-27,21:00:00,22:00:00,Wednesday,Evening,Week,4,1,0,1438
2020-05-27,22:00:00,23:00:00,Wednesday,Evening,Week,4,1,329,1767
2020-05-27,23:00:00,00:00:00,Wednesday,Night,Week,4,1,119,1886
2020-05-28,00:00:00,01:00:00,Thursday,Night,Week,4,1,248,248
2020-05-28,01:00:00,02:00:00,Thursday,Night,Week,4,1,0,0
2020-05-28,02:00:00,03:00:00,Thursday,Night,Week,4,1,0,0
2020-05-28,03:00:00,04:00:00,Thursday,Night,Week,4,1,0,0
2020-05-28,04:00:00,05:00:00,Thursday,Night,Week,4,1,0,0
2020-05-28,05:00:00,06:00:00,Thursday,Morning,Week,4,1,0,0
2020-05-28,06:00:00,07:00:00,Thursday,Morning,Week,4,1,0,0
2020-05-28,07:00:00,08:00:00,Thursday,Morning,Week,4,1,0,0
2020-05-28,08:00:00,09:00:00,Thursday,Morning,Week,4,1,0,0
2020-05-28,09:00:00,10:00:00,Thursday,Morning,Week,4,1,303,303
2020-05-28,10:00:00,11:00:00,Thursday,Morning,Week,4,1,0,303
2020-05-28,11:00:00,12:00:00,Thursday,Afternoon,Week,4,1,0,303
2020-05-28,12:00:00,13:00:00,Thursday,Afternoon,Week,4,1,0,303
2020-05-28,13:00:00,14:00:00,Thursday,Afternoon,Week,4,1,231,534
2020-05-28,14:00:00,15:00:00,Thursday,Afternoon,Week,4,1,67,601
2020-05-28,15:00:00,16:00:00,Thursday,Afternoon,Week,4,1,0,601
2020-05-28,16:00:00,17:00:00,Thursday,Afternoon,Week,4,1,0,601
2020-05-28,17:00:00,18:00:00,Thursday,Evening,Week,4,1,0,601
2020-05-28,18:00:00,19:00:00,Thursday,Evening,Week,4,1,245,846
2020-05-28,19:00:00,20:00:00,Thursday,Evening,Week,4,1,0,846
2020-05-28,20:00:00,21:00:00,Thursday,Evening,Week,4,1,48,894
2020-05-28,21:00:00,22:00:00,Thursday,Evening,Week,4,1,51,945
2020-05-28,22:00:00,23:00:00,Thursday,Evening,Week,4,1,56,1001
2020-05-28,23:00:00,00:00:00,Thursday,Night,Week,4,1,171,1172
2020-05-29,00:00:00,01:00:00,Friday,Night,Week,4,1,77,77
2020-05-29,01:00:00,02:00:00,Friday,Night,Week,4,1,0,0
2020-05-29,02:00:00,03:00:00,Friday,Night,Week,4,1,0,0
2020-05-29,03:00:00,04:00:00,Friday,Night,Week,4,1,21,21
2020-05-29,04:00:00,05:00:00,Friday,Night,Week,4,1,0,21
2020-05-29,05:00:00,06:00:00,Friday,Morning,Week,4,1,0,21
2020-05-29,06:00:00,07:00:00,Friday,Morning,Week,4,1,0,21
2020-05-29,07:00:00,08:00:00,Friday,Morning,Week,4,1,0,21
2020-05-29,08:00:00,09:00:00,Friday,Morning,Week,4,1,0,21
2020-05-29,09:00:00,10:00:00,Friday,Morning,Week,4,1,97,118
2020-05-29,10:00:00,11:00:00,Friday,Morning,Week,4,1,0,118
2020-05-29,11:00:00,12:00:00,Friday,Afternoon,Week,4,1,118,236
2020-05-29,12:00:00,13:00:00,Friday,Afternoon,Week,4,1,0,236
2020-05-29,13:00:00,14:00:00,Friday,Afternoon,Week,4,1,257,493
2020-05-29,14:00:00,15:00:00,Friday,Afternoon,Week,4,1,80,573
2020-05-29,15:00:00,16:00:00,Friday,Afternoon,Week,4,1,23,596
2020-05-29,16:00:00,17:00:00,Friday,Afternoon,Week,4,1,171,767
2020-05-29,17:00:00,18:00:00,Friday,Evening,Week,4,1,193,960
2020-05-29,18:00:00,19:00:00,Friday,Evening,Week,4,1,331,1291
2020-05-29,19:00:00,20:00:00,Friday,Evening,Week,4,1,0,1291
2020-05-29,20:00:00,21:00:00,Friday,Evening,Week,4,1,245,1536
2020-05-29,21:00:00,22:00:00,Friday,Evening,Week,4,1,109,1645
2020-05-29,22:00:00,23:00:00,Friday,Evening,Week,4,1,532,2177
2020-05-29,23:00:00,00:00:00,Friday,Night,Week,4,1,161,2338
2020-05-30,00:00:00,01:00:00,Saturday,Night,Weekend,4,1,17,17
2020-05-30,01:00:00,02:00:00,Saturday,Night,Weekend,4,1,0,0
2020-05-30,02:00:00,03:00:00,Saturday,Night,Weekend,4,1,0,0
2020-05-30,03:00:00,04:00:00,Saturday,Night,Weekend,4,1,0,0
2020-05-30,04:00:00,05:00:00,Saturday,Night,Weekend,4,1,0,0
2020-05-30,05:00:00,06:00:00,Saturday,Morning,Weekend,4,1,0,0
2020-05-30,06:00:00,07:00:00,Saturday,Morning,Weekend,4,1,0,0
2020-05-30,07:00:00,08:00:00,Saturday,Morning,Weekend,4,1,0,0
2020-05-30,08:00:00,09:00:00,Saturday,Morning,Weekend,4,1,0,0
2020-05-30,09:00:00,10:00:00,Saturday,Morning,Weekend,4,1,1934,1934
2020-05-30,10:00:00,11:00:00,Saturday,Morning,Weekend,4,1,694,2628
2020-05-30,11:00:00,12:00:00,Saturday,Afternoon,Weekend,4,1,797,3425
2020-05-30,12:00:00,13:00:00,Saturday,Afternoon,Weekend,4,1,372,3797
2020-05-30,13:00:00,14:00:00,Saturday,Afternoon,Weekend,4,1,431,4228
2020-05-30,14:00:00,15:00:00,Saturday,Afternoon,Weekend,4,1,317,4545
2020-05-30,15:00:00,16:00:00,Saturday,Afternoon,Weekend,4,1,1199,5744
2020-05-30,16:00:00,17:00:00,Saturday,Afternoon,Weekend,4,1,706,6450
2020-05-30,17:00:00,18:00:00,Saturday,Evening,Weekend,4,1,449,6899
2020-05-30,18:00:00,19:00:00,Saturday,Evening,Weekend,4,1,216,7115
2020-05-30,19:00:00,20:00:00,Saturday,Evening,Weekend,4,1,652,7767
2020-05-30,20:00:00,21:00:00,Saturday,Evening,Weekend,4,1,89,7856
2020-05-30,21:00:00,22:00:00,Saturday,Evening,Weekend,4,1,13,7869
2020-05-30,22:00:00,23:00:00,Saturday,Evening,Weekend,4,1,0,7869
2020-05-30,23:00:00,00:00:00,Saturday,Night,Weekend,4,1,129,7998
2020-05-31,00:00:00,01:00:00,Sunday,Night,Weekend,4,1,0,0
2020-05-31,01:00:00,02:00:00,Sunday,Night,Weekend,4,1,0,0
2020-05-31,02:00:00,03:00:00,Sunday,Night,Weekend,4,1,0,0
2020-05-31,03:00:00,04:00:00,Sunday,Night,Weekend,4,1,0,0
2020-05-31,04:00:00,05:00:00,Sunday,Night,Weekend,4,1,0,0
2020-05-31,05:00:00,06:00:00,Sunday,Morning,Weekend,4,1,0,0
2020-05-31,06:00:00,07:00:00,Sunday,Morning,Weekend,4,1,0,0
2020-05-31,07:00:00,08:00:00,Sunday,Morning,Weekend,4,1,0,0
2020-05-31,08:00:00,09:00:00,Sunday,Morning,Weekend,4,1,0,0
2020-05-31,09:00:00,10:00:00,Sunday,Morning,Weekend,4,1,0,0
2020-05-31,10:00:00,11:00:00,Sunday,Morning,Weekend,4,1,0,0
2020-05-31,11:00:00,12:00:00,Sunday,Afternoon,Weekend,4,1,0,0
2020-05-31,12:00:00,13:00:00,Sunday,Afternoon,Weekend,4,1,62,62
2020-05-31,13:00:00,14:00:00,Sunday,Afternoon,Weekend,4,1,518,580
2020-05-31,14:00:00,15:00:00,Sunday,Afternoon,Weekend,4,1,98,678
2020-05-31,15:00:00,16:00:00,Sunday,Afternoon,Weekend,4,1,0,678
2020-05-31,16:00:00,17:00:00,Sunday,Afternoon,Weekend,4,1,70,748
2020-05-31,17:00:00,18:00:00,Sunday,Evening,Weekend,4,1,14,762
2020-05-31,18:00:00,19:00:00,Sunday,Evening,Weekend,4,1,56,818
2020-05-31,19:00:00,20:00:00,Sunday,Evening,Weekend,4,1,156,974
2020-05-31,20:00:00,21:00:00,Sunday,Evening,Weekend,4,1,82,1056
2020-05-31,21:00:00,22:00:00,Sunday,Evening,Weekend,4,1,805,1861
2020-05-31,22:00:00,23:00:00,Sunday,Evening,Weekend,4,1,56,1917
2020-05-31,23:00:00,00:00:00,Sunday,Night,Weekend,4,1,83,2000
2020-06-01,00:00:00,01:00:00,Monday,Night,Week,4,2,0,0
2020-06-01,01:00:00,02:00:00,Monday,Night,Week,4,2,0,0
2020-06-01,02:00:00,03:00:00,Monday,Night,Week,4,2,0,0
2020-06-01,03:00:00,04:00:00,Monday,Night,Week,4,2,0,0
2020-06-01,04:00:00,05:00:00,Monday,Night,Week,4,2,0,0
2020-06-01,05:00:00,06:00:00,Monday,Morning,Week,4,2,0,0
2020-06-01,06:00:00,07:00:00,Monday,Morning,Week,4,2,0,0
2020-06-01,07:00:00,08:00:00,Monday,Morning,Week,4,2,0,0
2020-06-01,08:00:00,09:00:00,Monday,Morning,Week,4,2,0,0
2020-06-01,09:00:00,10:00:00,Monday,Morning,Week,4,2,34,34
2020-06-01,10:00:00,11:00:00,Monday,Morning,Week,4,2,88,122
2020-06-01,11:00:00,12:00:00,Monday,Afternoon,Week,4,2,147,269
2020-06-01,12:00:00,13:00:00,Monday,Afternoon,Week,4,2,112,381
2020-06-01,13:00:00,14:00:00,Monday,Afternoon,Week,4,2,0,381
2020-06-01,14:00:00,15:00:00,Monday,Afternoon,Week,4,2,76,457
2020-06-01,15:00:00,16:00:00,Monday,Afternoon,Week,4,2,65,522
2020-06-01,16:00:00,17:00:00,Monday,Afternoon,Week,4,2,0,522
2020-06-01,17:00:00,18:00:00,Monday,Evening,Week,4,2,66,588
2020-06-01,18:00:00,19:00:00,Monday,Evening,Week,4,2,61,649
2020-06-01,19:00:00,20:00:00,Monday,Evening,Week,4,2,0,649
2020-06-01,20:00:00,21:00:00,Monday,Evening,Week,4,2,233,882
2020-06-01,21:00:00,22:00:00,Monday,Evening,Week,4,2,0,882
2020-06-01,22:00:00,23:00:00,Monday,Evening,Week,4,2,0,882
2020-06-01,23:00:00,00:00:00,Monday,Night,Week,4,2,47,929
2020-06-02,00:00:00,01:00:00,Tuesday,Night,Week,4,2,104,104
2020-06-02,01:00:00,02:00:00,Tuesday,Night,Week,4,2,0,0
2020-06-02,02:00:00,03:00:00,Tuesday,Night,Week,4,2,0,0
2020-06-02,03:00:00,04:00:00,Tuesday,Night,Week,4,2,0,0
2020-06-02,04:00:00,05:00:00,Tuesday,Night,Week,4,2,0,0
2020-06-02,05:00:00,06:00:00,Tuesday,Morning,Week,4,2,0,0
2020-06-02,06:00:00,07:00:00,Tuesday,Morning,Week,4,2,0,0
2020-06-02,07:00:00,08:00:00,Tuesday,Morning,Week,4,2,0,0
2020-06-02,08:00:00,09:00:00,Tuesday,Morning,Week,4,2,121,121
2020-06-02,09:00:00,10:00:00,Tuesday,Morning,Week,4,2,0,121
2020-06-02,10:00:00,11:00:00,Tuesday,Morning,Week,4,2,0,121
2020-06-02,11:00:00,12:00:00,Tuesday,Afternoon,Week,4,2,381,502
2020-06-02,12:00:00,13:00:00,Tuesday,Afternoon,Week,4,2,61,563
2020-06-02,13:00:00,14:00:00,Tuesday,Afternoon,Week,4,2,36,599
2020-06-02,14:00:00,15:00:00,Tuesday,Afternoon,Week,4,2,51,650
2020-06-02,15:00:00,16:00:00,Tuesday,Afternoon,Week,4,2,58,708
2020-06-02,16:00:00,17:00:00,Tuesday,Afternoon,Week,4,2,227,935
2020-06-02,17:00:00,18:00:00,Tuesday,Evening,Week,4,2,60,995
2020-06-02,18:00:00,19:00:00,Tuesday,Evening,Week,4,2,0,995
2020-06-02,19:00:00,20:00:00,Tuesday,Evening,Week,4,2,94,1089
2020-06-02,20:00:00,21:00:00,Tuesday,Evening,Week,4,2,0,1089
2020-06-02,21:00:00,22:00:00,Tuesday,Evening,Week,4,2,0,1089
2020-06-02,22:00:00,23:00:00,Tuesday,Evening,Week,4,2,61,1150
2020-06-02,23:00:00,00:00:00,Tuesday,Night,Week,4,2,182,1332
2020-06-03,00:00:00,01:00:00,Wednesday,Night,Week,4,2,0,0
2020-06-03,01:00:00,02:00:00,Wednesday,Night,Week,4,2,0,0
2020-06-03,02:00:00,03:00:00,Wednesday,Night,Week,4,2,0,0
2020-06-03,03:00:00,04:00:00,Wednesday,Night,Week,4,2,0,0
2020-06-03,04:00:00,05:00:00,Wednesday,Night,Week,4,2,0,0
2020-06-03,05:00:00,06:00:00,Wednesday,Morning,Week,4,2,0,0
2020-06-03,06:00:00,07:00:00,Wednesday,Morning,Week,4,2,0,0
2020-06-03,07:00:00,08:00:00,Wednesday,Morning,Week,4,2,0,0
2020-06-03,08:00:00,09:00:00,Wednesday,Morning,Week,4,2,0,0
2020-06-03,09:00:00,10:00:00,Wednesday,Morning,Week,4,2,165,165
2020-06-03,10:00:00,11:00:00,Wednesday,Morning,Week,4,2,31,196
2020-06-03,11:00:00,12:00:00,Wednesday,Afternoon,Week,4,2,0,196
2020-06-03,12:00:00,13:00:00,Wednesday,Afternoon,Week,4,2,42,238
2020-06-03,13:00:00,14:00:00,Wednesday,Afternoon,Week,4,2,123,361
2020-06-03,14:00:00,15:00:00,Wednesday,Afternoon,Week,4,2,19,380
2020-06-03,15:00:00,16:00:00,Wednesday,Afternoon,Week,4,2,44,424
2020-06-03,16:00:00,17:00:00,Wednesday,Afternoon,Week,4,2,0,424
2020-06-03,17:00:00,18:00:00,Wednesday,Evening,Week,4,2,118,542
2020-06-03,18:00:00,19:00:00,Wednesday,Evening,Week,4,2,30,572
2020-06-03,19:00:00,20:00:00,Wednesday,Evening,Week,4,2,91,663
2020-06-03,20:00:00,21:00:00,Wednesday,Evening,Week,4,2,66,729
2020-06-03,21:00:00,22:00:00,Wednesday,Evening,Week,4,2,39,768
2020-06-03,22:00:00,23:00:00,Wednesday,Evening,Week,4,2,107,875
2020-06-03,23:00:00,00:00:00,Wednesday,Night,Week,4,2,123,998
2020-06-04,00:00:00,01:00:00,Thursday,Night,Week,4,2,103,103
2020-06-04,01:00:00,02:00:00,Thursday,Night,Week,4,2,0,0
2020-06-04,02:00:00,03:00:00,Thursday,Night,Week,4,2,0,0
2020-06-04,03:00:00,04:00:00,Thursday,Night,Week,4,2,0,0
2020-06-04,04:00:00,05:00:00,Thursday,Night,Week,4,2,0,0
2020-06-04,05:00:00,06:00:00,Thursday,Morning,Week,4,2,0,0
2020-06-04,06:00:00,07:00:00,Thursday,Morning,Week,4,2,0,0
2020-06-04,07:00:00,08:00:00,Thursday,Morning,Week,4,2,0,0
2020-06-04,08:00:00,09:00:00,Thursday,Morning,Week,4,2,0,0
2020-06-04,09:00:00,10:00:00,Thursday,Morning,Week,4,2,88,88
2020-06-04,10:00:00,11:00:00,Thursday,Morning,Week,4,2,0,88
2020-06-04,11:00:00,12:00:00,Thursday,Afternoon,Week,4,2,181,269
2020-06-04,12:00:00,13:00:00,Thursday,Afternoon,Week,4,2,56,325
2020-06-04,13:00:00,14:00:00,Thursday,Afternoon,Week,4,2,0,325
2020-06-04,14:00:00,15:00:00,Thursday,Afternoon,Week,4,2,137,462
2020-06-04,15:00:00,16:00:00,Thursday,Afternoon,Week,4,2,94,556
2020-06-04,16:00:00,17:00:00,Thursday,Afternoon,Week,4,2,195,751
2020-06-04,17:00:00,18:00:00,Thursday,Evening,Week,4,2,83,834
2020-06-04,18:00:00,19:00:00,Thursday,Evening,Week,4,2,164,998
2020-06-04,19:00:00,20:00:00,Thursday,Evening,Week,4,2,0,998
2020-06-04,20:00:00,21:00:00,Thursday,Evening,Week,4,2,0,998
2020-06-04,21:00:00,22:00:00,Thursday,Evening,Week,4,2,157,1155
2020-06-04,22:00:00,23:00:00,Thursday,Evening,Week,4,2,48,1203
2020-06-04,23:00:00,00:00:00,Thursday,Night,Week,4,2,148,1351
2020-06-05,00:00:00,01:00:00,Friday,Night,Week,4,2,44,44
2020-06-05,01:00:00,02:00:00,Friday,Night,Week,4,2,0,0
2020-06-05,02:00:00,03:00:00,Friday,Night,Week,4,2,0,0
2020-06-05,03:00:00,04:00:00,Friday,Night,Week,4,2,0,0
2020-06-05,04:00:00,05:00:00,Friday,Night,Week,4,2,0,0
2020-06-05,05:00:00,06:00:00,Friday,Morning,Week,4,2,0,0
2020-06-05,06:00:00,07:00:00,Friday,Morning,Week,4,2,0,0
2020-06-05,07:00:00,08:00:00,Friday,Morning,Week,4,2,0,0
2020-06-05,08:00:00,09:00:00,Friday,Morning,Week,4,2,0,0
2020-06-05,09:00:00,10:00:00,Friday,Morning,Week,4,2,147,147
2020-06-05,10:00:00,11:00:00,Friday,Morning,Week,4,2,60,207
2020-06-05,11:00:00,12:00:00,Friday,Afternoon,Week,4,2,370,577
2020-06-05,12:00:00,13:00:00,Friday,Afternoon,Week,4,2,21,598
2020-06-05,13:00:00,14:00:00,Friday,Afternoon,Week,4,2,362,960
2020-06-05,14:00:00,15:00:00,Friday,Afternoon,Week,4,2,0,960
2020-06-05,15:00:00,16:00:00,Friday,Afternoon,Week,4,2,48,1008
2020-06-05,16:00:00,17:00:00,Friday,Afternoon,Week,4,2,391,1399
2020-06-05,17:00:00,18:00:00,Friday,Evening,Week,4,2,236,1635
2020-06-05,18:00:00,19:00:00,Friday,Evening,Week,4,2,287,1922
2020-06-05,19:00:00,20:00:00,Friday,Evening,Week,4,2,11,1933
2020-06-05,20:00:00,21:00:00,Friday,Evening,Week,4,2,20,1953
2020-06-05,21:00:00,22:00:00,Friday,Evening,Week,4,2,259,2212
2020-06-05,22:00:00,23:00:00,Friday,Evening,Week,4,2,202,2414
2020-06-05,23:00:00,00:00:00,Friday,Night,Week,4,2,142,2556
2020-06-06,00:00:00,01:00:00,Saturday,Night,Weekend,4,2,0,0
2020-06-06,01:00:00,02:00:00,Saturday,Night,Weekend,4,2,0,0
2020-06-06,02:00:00,03:00:00,Saturday,Night,Weekend,4,2,0,0
2020-06-06,03:00:00,04:00:00,Saturday,Night,Weekend,4,2,0,0
2020-06-06,04:00:00,05:00:00,Saturday,Night,Weekend,4,2,0,0
2020-06-06,05:00:00,06:00:00,Saturday,Morning,Weekend,4,2,0,0
2020-06-06,06:00:00,07:00:00,Saturday,Morning,Weekend,4,2,0,0
2020-06-06,07:00:00,08:00:00,Saturday,Morning,Weekend,4,2,0,0
2020-06-06,08:00:00,09:00:00,Saturday,Morning,Weekend,4,2,0,0
2020-06-06,09:00:00,10:00:00,Saturday,Morning,Weekend,4,2,473,473
2020-06-06,10:00:00,11:00:00,Saturday,Morning,Weekend,4,2,835,1308
2020-06-06,11:00:00,12:00:00,Saturday,Afternoon,Weekend,4,2,886,2194
2020-06-06,12:00:00,13:00:00,Saturday,Afternoon,Weekend,4,2,611,2805
2020-06-06,13:00:00,14:00:00,Saturday,Afternoon,Weekend,4,2,792,3597
2020-06-06,14:00:00,15:00:00,Saturday,Afternoon,Weekend,4,2,125,3722
2020-06-06,15:00:00,16:00:00,Saturday,Afternoon,Weekend,4,2,672,4394
2020-06-06,16:00:00,17:00:00,Saturday,Afternoon,Weekend,4,2,1047,5441
2020-06-06,17:00:00,18:00:00,Saturday,Evening,Weekend,4,2,230,5671
2020-06-06,18:00:00,19:00:00,Saturday,Evening,Weekend,4,2,285,5956
2020-06-06,19:00:00,20:00:00,Saturday,Evening,Weekend,4,2,85,6041
2020-06-06,20:00:00,21:00:00,Saturday,Evening,Weekend,4,2,173,6214
2020-06-06,21:00:00,22:00:00,Saturday,Evening,Weekend,4,2,170,6384
2020-06-06,22:00:00,23:00:00,Saturday,Evening,Weekend,4,2,38,6422
2020-06-06,23:00:00,00:00:00,Saturday,Night,Weekend,4,2,150,6572
2020-06-07,00:00:00,01:00:00,Sunday,Night,Weekend,4,2,0,0
2020-06-07,01:00:00,02:00:00,Sunday,Night,Weekend,4,2,0,0
2020-06-07,02:00:00,03:00:00,Sunday,Night,Weekend,4,2,0,0
2020-06-07,03:00:00,04:00:00,Sunday,Night,Weekend,4,2,0,0
2020-06-07,04:00:00,05:00:00,Sunday,Night,Weekend,4,2,0,0
2020-06-07,05:00:00,06:00:00,Sunday,Morning,Weekend,4,2,0,0
2020-06-07,06:00:00,07:00:00,Sunday,Morning,Weekend,4,2,0,0
2020-06-07,07:00:00,08:00:00,Sunday,Morning,Weekend,4,2,0,0
2020-06-07,08:00:00,09:00:00,Sunday,Morning,Weekend,4,2,0,0
2020-06-07,09:00:00,10:00:00,Sunday,Morning,Weekend,4,2,0,0
2020-06-07,10:00:00,11:00:00,Sunday,Morning,Weekend,4,2,0,0
2020-06-07,11:00:00,12:00:00,Sunday,Afternoon,Weekend,4,2,0,0
2020-06-07,12:00:00,13:00:00,Sunday,Afternoon,Weekend,4,2,124,124
2020-06-07,13:00:00,14:00:00,Sunday,Afternoon,Weekend,4,2,0,124
2020-06-07,14:00:00,15:00:00,Sunday,Afternoon,Weekend,4,2,60,184
2020-06-07,15:00:00,16:00:00,Sunday,Afternoon,Weekend,4,2,0,184
2020-06-07,16:00:00,17:00:00,Sunday,Afternoon,Weekend,4,2,60,244
2020-06-07,17:00:00,18:00:00,Sunday,Evening,Weekend,4,2,47,291
2020-06-07,18:00:00,19:00:00,Sunday,Evening,Weekend,4,2,0,291
2020-06-07,19:00:00,20:00:00,Sunday,Evening,Weekend,4,2,0,291
2020-06-07,20:00:00,21:00:00,Sunday,Evening,Weekend,4,2,85,376
2020-06-07,21:00:00,22:00:00,Sunday,Evening,Weekend,4,2,114,490
2020-06-07,22:00:00,23:00:00,Sunday,Evening,Weekend,4,2,81,571
2020-06-07,23:00:00,00:00:00,Sunday,Night,Weekend,4,2,180,751
