I: Date,I: Time,I: DayofWeek,I: DayPeriod,I: PartofWeek,I: Participant,I: Week,D: Weight,D: WeightCumulative
2020-05-25,09:17:32,Monday,Morning,Week,1,1,181.6,1093.0
2020-05-25,09:39:57,Monday,Morning,Week,1,1,188.1,1644.0
2020-05-25,12:34:42,Monday,Afternoon,Week,1,1,170.4,3515.0
2020-05-25,15:25:52,Monday,Afternoon,Week,1,1,201.5,3716.0
2020-05-25,20:39:07,Monday,Evening,Week,1,1,182.4,4100.0
2020-05-25,21:03:46,Monday,Evening,Week,1,1,202.8,4448.0
2020-05-25,21:51:24,Monday,Evening,Week,1,1,219.4,5072.0
2020-05-26,09:00:50,Tuesday,Morning,Week,1,1,225.4,444.0
2020-05-26,15:35:11,Tuesday,Afternoon,Week,1,1,233.6,14036.0
2020-05-26,16:23:53,Tuesday,Afternoon,Week,1,1,209.6,14713.0
2020-05-26,21:08:58,Tuesday,Evening,Week,1,1,229.2,15499.0
2020-05-26,21:29:28,Tuesday,Evening,Week,1,1,209.0,15708.0
2020-05-27,08:52:46,Wednesday,Morning,Week,1,1,268.2,4983.0
2020-05-27,14:20:57,Wednesday,Afternoon,Week,1,1,240.9,5492.0
2020-05-27,16:10:17,Wednesday,Afternoon,Week,1,1,178.9,14186.0
2020-05-27,16:15:44,Wednesday,Afternoon,Week,1,1,339.0,14704.0
2020-05-27,16:17:58,Wednesday,Afternoon,Week,1,1,237.7,14942.0
2020-05-27,16:20:23,Wednesday,Afternoon,Week,1,1,124.7,15067.0
2020-05-27,16:32:04,Wednesday,Afternoon,Week,1,1,299.8,15366.0
2020-05-27,16:34:17,Wednesday,Afternoon,Week,1,1,265.9,16700.0
2020-05-27,16:37:15,Wednesday,Afternoon,Week,1,1,174.2,17169.0
2020-05-28,09:02:39,Thursday,Morning,Week,1,1,155.0,459.0
2020-05-28,11:31:08,Thursday,Morning,Week,1,1,159.5,1393.0
2020-05-28,14:30:46,Thursday,Afternoon,Week,1,1,166.3,3791.0
2020-05-28,15:13:36,Thursday,Afternoon,Week,1,1,197.2,4155.0
2020-05-28,18:47:36,Thursday,Evening,Week,1,1,182.2,5717.0
2020-05-28,21:04:04,Thursday,Evening,Week,1,1,182.7,6811.0
2020-05-28,21:35:24,Thursday,Evening,Week,1,1,155.5,11506.0
2020-05-29,09:02:17,Friday,Morning,Week,1,1,197.4,6279.0
2020-05-29,18:26:20,Friday,Evening,Week,1,1,195.4,7461.0
2020-05-29,21:06:30,Friday,Evening,Week,1,1,186.9,7843.0
2020-05-29,21:44:07,Friday,Evening,Week,1,1,174.2,8390.0
2020-05-30,08:46:53,Saturday,Morning,Weekend,1,1,185.6,2016.0
2020-05-30,09:13:28,Saturday,Morning,Weekend,1,1,192.5,2582.0
2020-05-30,12:10:36,Saturday,Afternoon,Weekend,1,1,186.8,3346.0
2020-05-30,14:00:41,Saturday,Afternoon,Weekend,1,1,190.2,4836.0
2020-05-30,14:47:24,Saturday,Afternoon,Weekend,1,1,182.3,5589.0
2020-05-30,18:13:56,Saturday,Evening,Weekend,1,1,185.7,6323.0
2020-05-30,20:46:37,Saturday,Evening,Weekend,1,1,172.5,6867.0
2020-05-31,10:00:00,Sunday,Morning,Weekend,1,1,170.0,170.0
2020-05-31,13:01:00,Sunday,Afternoon,Weekend,1,1,352.0,522.0
2020-05-31,15:11:00,Sunday,Afternoon,Weekend,1,1,332.0,854.0
2020-05-31,17:31:00,Sunday,Afternoon,Weekend,1,1,133.0,987.0
2020-05-31,18:18:00,Sunday,Evening,Weekend,1,1,137.0,1124.0
2020-05-31,18:56:00,Sunday,Evening,Weekend,1,1,124.0,1248.0
2020-05-31,21:15:00,Sunday,Evening,Weekend,1,1,196.0,1444.0
2020-06-01,10:09:00,Monday,Morning,Week,1,2,197.0,197.0
2020-06-01,11:57:00,Monday,Morning,Week,1,2,209.0,406.0
2020-06-01,13:07:00,Monday,Afternoon,Week,1,2,201.0,607.0
2020-06-01,13:26:00,Monday,Afternoon,Week,1,2,217.0,824.0
2020-06-01,13:51:00,Monday,Afternoon,Week,1,2,193.0,1017.0
2020-06-01,16:04:00,Monday,Afternoon,Week,1,2,211.0,1228.0
2020-06-01,17:25:00,Monday,Afternoon,Week,1,2,246.0,1474.0
2020-06-01,17:57:00,Monday,Afternoon,Week,1,2,208.0,1682.0
2020-06-01,19:24:00,Monday,Evening,Week,1,2,147.0,1829.0
2020-06-01,20:29:00,Monday,Evening,Week,1,2,189.0,2018.0
2020-06-01,21:16:00,Monday,Evening,Week,1,2,114.0,2132.0
2020-06-01,22:19:00,Monday,Evening,Week,1,2,222.0,2354.0
2020-06-02,09:00:00,Tuesday,Morning,Week,1,2,189.0,189.0
2020-06-02,12:52:00,Tuesday,Afternoon,Week,1,2,211.0,400.0
2020-06-02,12:55:00,Tuesday,Afternoon,Week,1,2,206.0,606.0
2020-06-02,14:53:00,Tuesday,Afternoon,Week,1,2,424.0,1030.0
2020-06-02,16:40:00,Tuesday,Afternoon,Week,1,2,436.0,1466.0
2020-06-02,19:28:00,Tuesday,Evening,Week,1,2,216.0,1682.0
2020-06-02,21:14:00,Tuesday,Evening,Week,1,2,187.0,1869.0
2020-06-02,22:23:00,Tuesday,Evening,Week,1,2,172.0,2041.0
2020-06-02,22:56:00,Tuesday,Evening,Week,1,2,248.0,2289.0
2020-06-03,09:10:00,Wednesday,Morning,Week,1,2,209.0,209.0
2020-06-03,10:28:00,Wednesday,Morning,Week,1,2,434.0,643.0
2020-06-03,13:11:00,Wednesday,Afternoon,Week,1,2,422.0,1065.0
2020-06-03,15:24:00,Wednesday,Afternoon,Week,1,2,426.0,1491.0
2020-06-03,16:56:00,Wednesday,Afternoon,Week,1,2,399.0,1890.0
2020-06-03,20:56:00,Wednesday,Evening,Week,1,2,178.0,2068.0
2020-06-03,23:01:00,Wednesday,Evening,Week,1,2,223.0,2291.0
2020-06-04,09:17:00,Thursday,Morning,Week,1,2,174.0,174.0
2020-06-04,10:37:00,Thursday,Morning,Week,1,2,436.0,610.0
2020-06-04,14:15:00,Thursday,Afternoon,Week,1,2,415.0,1025.0
2020-06-04,15:32:00,Thursday,Afternoon,Week,1,2,172.0,1197.0
2020-06-04,16:34:00,Thursday,Afternoon,Week,1,2,432.0,1629.0
2020-06-04,20:52:00,Thursday,Evening,Week,1,2,223.0,1852.0
2020-06-04,21:18:00,Thursday,Evening,Week,1,2,169.0,2021.0
2020-06-04,22:05:00,Thursday,Evening,Week,1,2,190.0,2211.0
2020-06-05,08:46:00,Friday,Morning,Week,1,2,206.0,206.0
2020-06-05,12:31:00,Friday,Afternoon,Week,1,2,428.0,1059.0
2020-06-05,14:45:00,Friday,Afternoon,Week,1,2,394.0,1453.0
2020-06-05,15:13:00,Friday,Afternoon,Week,1,2,182.0,1635.0
2020-06-05,15:41:00,Friday,Afternoon,Week,1,2,178.0,1813.0
2020-06-05,20:28:00,Friday,Evening,Week,1,2,172.0,1985.0
2020-06-05,22:22:00,Friday,Evening,Week,1,2,337.0,2322.0
2020-06-06,10:57:00,Saturday,Morning,Weekend,1,2,216.0,216.0
2020-06-06,12:39:00,Saturday,Afternoon,Weekend,1,2,442.0,658.0
2020-06-06,14:08:00,Saturday,Afternoon,Weekend,1,2,434.0,1092.0
2020-06-06,14:36:00,Saturday,Afternoon,Weekend,1,2,438.0,1530.0
2020-06-06,16:45:00,Saturday,Afternoon,Weekend,1,2,187.0,1717.0
2020-06-06,21:35:00,Saturday,Evening,Weekend,1,2,201.0,1918.0
2020-06-06,21:53:00,Saturday,Evening,Weekend,1,2,87.0,2005.0
2020-06-06,22:35:00,Saturday,Evening,Weekend,1,2,345.0,2350.0
2020-06-07,10:26:00,Sunday,Morning,Weekend,1,2,202.0,202.0
2020-06-07,11:42:00,Sunday,Morning,Weekend,1,2,445.0,647.0
2020-06-07,14:50:00,Sunday,Afternoon,Weekend,1,2,441.0,1088.0
2020-06-07,16:36:00,Sunday,Afternoon,Weekend,1,2,185.0,1273.0
2020-06-07,17:20:00,Sunday,Afternoon,Weekend,1,2,443.0,1716.0
2020-06-07,21:30:00,Sunday,Evening,Weekend,1,2,203.0,1919.0
2020-06-07,21:58:00,Sunday,Evening,Weekend,1,2,413.0,2332.0
2020-05-25,11:00:00,Monday,Morning,Week,2,1,280.0,280.0
2020-05-25,15:04:00,Monday,Afternoon,Week,2,1,300.0,580.0
2020-05-25,19:18:00,Monday,Evening,Week,2,1,150.0,730.0
2020-05-25,19:35:00,Monday,Evening,Week,2,1,190.0,920.0
2020-05-25,19:40:00,Monday,Evening,Week,2,1,196.0,1116.0
2020-05-25,19:54:00,Monday,Evening,Week,2,1,215.0,1331.0
2020-05-25,23:20:00,Monday,Evening,Week,2,1,186.0,1517.0
2020-05-26,13:11:00,Tuesday,Afternoon,Week,2,1,430.0,430.0
2020-05-26,18:33:00,Tuesday,Evening,Week,2,1,200.0,200.0
2020-05-26,18:39:00,Tuesday,Evening,Week,2,1,206.0,406.0
2020-05-26,20:17:00,Tuesday,Evening,Week,2,1,228.0,634.0
2020-05-26,22:39:00,Tuesday,Evening,Week,2,1,224.0,858.0
2020-05-26,23:52:00,Tuesday,Evening,Week,2,1,214.0,1072.0
2020-05-27,11:51:00,Wednesday,Morning,Week,2,1,217.0,217.0
2020-05-27,12:20:00,Wednesday,Afternoon,Week,2,1,209.0,209.0
2020-05-27,13:29:00,Wednesday,Afternoon,Week,2,1,198.0,407.0
2020-05-27,15:47:00,Wednesday,Afternoon,Week,2,1,212.0,619.0
2020-05-27,18:44:00,Wednesday,Evening,Week,2,1,250.0,869.0
2020-05-27,18:58:00,Wednesday,Evening,Week,2,1,153.0,1022.0
2020-05-27,23:56:00,Wednesday,Evening,Week,2,1,225.0,1247.0
2020-05-28,10:46:00,Thursday,Morning,Week,2,1,213.0,213.0
2020-05-28,12:43:00,Thursday,Afternoon,Week,2,1,225.0,225.0
2020-05-28,16:39:00,Thursday,Afternoon,Week,2,1,221.0,446.0
2020-05-28,18:39:00,Thursday,Evening,Week,2,1,205.0,651.0
2020-05-28,18:52:00,Thursday,Evening,Week,2,1,87.0,738.0
2020-05-28,21:37:00,Thursday,Evening,Week,2,1,215.0,953.0
2020-05-28,23:46:00,Thursday,Evening,Week,2,1,240.0,1193.0
2020-05-28,23:52:00,Thursday,Evening,Week,2,1,98.0,1291.0
2020-05-29,09:42:00,Friday,Morning,Week,2,1,224.0,224.0
2020-05-29,11:59:00,Friday,Morning,Week,2,1,320.0,320.0
2020-05-29,13:53:00,Friday,Afternoon,Week,2,1,231.0,551.0
2020-05-29,18:06:00,Friday,Evening,Week,2,1,321.0,872.0
2020-05-29,19:42:00,Friday,Evening,Week,2,1,317.0,1189.0
2020-05-29,23:18:00,Friday,Evening,Week,2,1,164.0,1353.0
2020-05-30,13:08:00,Saturday,Afternoon,Weekend,2,1,225.0,225.0
2020-05-30,13:19:00,Saturday,Afternoon,Weekend,2,1,133.0,133.0
2020-05-30,16:25:00,Saturday,Afternoon,Weekend,2,1,255.0,388.0
2020-05-30,17:19:00,Saturday,Afternoon,Weekend,2,1,246.0,634.0
2020-05-30,18:23:00,Saturday,Evening,Weekend,2,1,220.0,854.0
2020-05-30,19:46:00,Saturday,Evening,Weekend,2,1,215.0,1069.0
2020-05-30,21:14:00,Saturday,Evening,Weekend,2,1,176.0,1245.0
2020-05-31,12:44:00,Sunday,Afternoon,Weekend,2,1,186.0,186.0
2020-05-31,15:12:00,Sunday,Afternoon,Weekend,2,1,240.0,240.0
2020-05-31,16:38:00,Sunday,Afternoon,Weekend,2,1,202.0,442.0
2020-05-31,17:33:00,Sunday,Afternoon,Weekend,2,1,185.0,627.0
2020-05-31,20:17:00,Sunday,Evening,Weekend,2,1,208.0,835.0
2020-05-31,20:48:00,Sunday,Evening,Weekend,2,1,217.0,1052.0
2020-05-31,22:59:00,Sunday,Evening,Weekend,2,1,266.0,1318.0
2020-06-01,10:01:00,Monday,Morning,Week,2,2,377.0,377.0
2020-06-01,11:28:00,Monday,Morning,Week,2,2,241.0,241.0
2020-06-01,12:39:00,Monday,Afternoon,Week,2,2,220.0,461.0
2020-06-01,13:49:00,Monday,Afternoon,Week,2,2,262.0,723.0
2020-06-01,15:15:00,Monday,Afternoon,Week,2,2,264.0,987.0
2020-06-01,17:26:00,Monday,Afternoon,Week,2,2,224.0,1211.0
2020-06-01,18:22:00,Monday,Evening,Week,2,2,366.0,1577.0
2020-06-01,19:30:00,Monday,Evening,Week,2,2,301.0,1878.0
2020-06-01,23:48:00,Monday,Evening,Week,2,2,249.0,2127.0
2020-06-02,13:15:00,Tuesday,Afternoon,Week,2,2,327.0,327.0
2020-06-02,13:43:00,Tuesday,Afternoon,Week,2,2,323.0,323.0
2020-06-02,14:59:00,Tuesday,Afternoon,Week,2,2,254.0,577.0
2020-06-02,16:54:00,Tuesday,Afternoon,Week,2,2,279.0,856.0
2020-06-02,17:42:00,Tuesday,Afternoon,Week,2,2,282.0,1138.0
2020-06-02,18:39:00,Tuesday,Evening,Week,2,2,276.0,1414.0
2020-06-02,19:13:00,Tuesday,Evening,Week,2,2,278.0,1692.0
2020-06-02,20:55:00,Tuesday,Evening,Week,2,2,201.0,1893.0
2020-06-02,23:51:00,Tuesday,Evening,Week,2,2,254.0,2147.0
2020-06-03,09:24:00,Wednesday,Morning,Week,2,2,231.0,231.0
2020-06-03,11:22:00,Wednesday,Morning,Week,2,2,364.0,364.0
2020-06-03,13:28:00,Wednesday,Afternoon,Week,2,2,342.0,706.0
2020-06-03,15:41:00,Wednesday,Afternoon,Week,2,2,376.0,1082.0
2020-06-03,16:49:00,Wednesday,Afternoon,Week,2,2,325.0,1407.0
2020-06-03,20:56:00,Wednesday,Evening,Week,2,2,333.0,1740.0
2020-06-03,23:11:00,Wednesday,Evening,Week,2,2,194.0,1934.0
2020-06-03,23:48:00,Wednesday,Evening,Week,2,2,331.0,2265.0
2020-06-04,08:41:00,Thursday,Morning,Week,2,2,188.0,188.0
2020-06-04,11:38:00,Thursday,Morning,Week,2,2,256.0,256.0
2020-06-04,13:11:00,Thursday,Afternoon,Week,2,2,380.0,636.0
2020-06-04,15:36:00,Thursday,Afternoon,Week,2,2,384.0,1020.0
2020-06-04,17:55:00,Thursday,Afternoon,Week,2,2,254.0,1274.0
2020-06-04,19:20:00,Thursday,Evening,Week,2,2,215.0,1489.0
2020-06-04,20:33:00,Thursday,Evening,Week,2,2,251.0,1740.0
2020-06-04,22:12:00,Thursday,Evening,Week,2,2,248.0,1988.0
2020-06-04,23:44:00,Thursday,Evening,Week,2,2,254.0,2242.0
2020-06-05,09:47:00,Friday,Morning,Week,2,2,184.0,184.0
2020-06-05,13:17:00,Friday,Afternoon,Week,2,2,363.0,363.0
2020-06-05,13:39:00,Friday,Afternoon,Week,2,2,364.0,727.0
2020-06-05,18:58:00,Friday,Evening,Week,2,2,422.0,1149.0
2020-06-05,19:37:00,Friday,Evening,Week,2,2,413.0,1562.0
2020-06-05,20:00:00,Friday,Evening,Week,2,2,426.0,1988.0
2020-06-05,23:54:00,Friday,Evening,Week,2,2,498.0,2486.0
2020-06-06,12:18:00,Saturday,Afternoon,Weekend,2,2,301.0,301.0
2020-06-06,14:11:00,Saturday,Afternoon,Weekend,2,2,302.0,302.0
2020-06-06,15:46:00,Saturday,Afternoon,Weekend,2,2,250.0,552.0
2020-06-06,16:33:00,Saturday,Afternoon,Weekend,2,2,257.0,809.0
2020-06-06,18:58:00,Saturday,Evening,Weekend,2,2,243.0,1052.0
2020-06-06,21:11:00,Saturday,Evening,Weekend,2,2,252.0,1304.0
2020-06-06,21:26:00,Saturday,Evening,Weekend,2,2,254.0,1558.0
2020-06-06,21:42:00,Saturday,Evening,Weekend,2,2,267.0,1825.0
2020-06-06,22:54:00,Saturday,Evening,Weekend,2,2,288.0,2113.0
2020-06-06,23:24:00,Saturday,Evening,Weekend,2,2,268.0,2381.0
2020-06-06,23:51:00,Saturday,Evening,Weekend,2,2,133.0,2514.0
2020-06-07,09:33:00,Sunday,Morning,Weekend,2,2,249.0,249.0
2020-06-07,09:51:00,Sunday,Morning,Weekend,2,2,211.0,211.0
2020-06-07,12:11:00,Sunday,Afternoon,Weekend,2,2,244.0,455.0
2020-06-07,14:08:00,Sunday,Afternoon,Weekend,2,2,200.0,655.0
2020-06-07,15:09:00,Sunday,Afternoon,Weekend,2,2,253.0,908.0
2020-06-07,16:59:00,Sunday,Afternoon,Weekend,2,2,279.0,1187.0
2020-06-07,19:06:00,Sunday,Evening,Weekend,2,2,219.0,1406.0
2020-06-07,21:34:00,Sunday,Evening,Weekend,2,2,248.0,1654.0
2020-06-07,23:02:00,Sunday,Evening,Weekend,2,2,251.0,1905.0
2020-06-07,23:44:00,Sunday,Evening,Weekend,2,2,263.0,2168.0
2020-05-25,11:01:00,Monday,Morning,Week,3,1,304.0,304.0
2020-05-25,15:04:00,Monday,Afternoon,Week,3,1,311.0,615.0
2020-05-25,21:28:00,Monday,Evening,Week,3,1,497.0,1112.0
2020-05-25,23:08:00,Monday,Evening,Week,3,1,405.0,1517.0
2020-05-26,08:07:00,Tuesday,Morning,Week,3,1,203.0,203.0
2020-05-26,11:32:00,Tuesday,Morning,Week,3,1,312.0,312.0
2020-05-26,12:26:00,Tuesday,Afternoon,Week,3,1,309.0,621.0
2020-05-26,22:57:00,Tuesday,Evening,Week,3,1,150.0,771.0
2020-05-26,23:31:00,Tuesday,Evening,Week,3,1,651.0,1422.0
2020-05-27,09:50:00,Wednesday,Morning,Week,3,1,243.0,243.0
2020-05-27,10:42:00,Wednesday,Morning,Week,3,1,241.0,241.0
2020-05-27,12:37:00,Wednesday,Afternoon,Week,3,1,328.0,569.0
2020-05-27,15:11:00,Wednesday,Afternoon,Week,3,1,260.0,829.0
2020-05-27,16:03:00,Wednesday,Afternoon,Week,3,1,204.0,1033.0
2020-05-27,19:58:00,Wednesday,Evening,Week,3,1,211.0,1244.0
2020-05-27,22:17:00,Wednesday,Evening,Week,3,1,289.0,1533.0
2020-05-28,12:44:00,Thursday,Afternoon,Week,3,1,254.0,254.0
2020-05-28,13:58:00,Thursday,Afternoon,Week,3,1,237.0,237.0
2020-05-28,16:17:00,Thursday,Afternoon,Week,3,1,259.0,496.0
2020-05-28,18:32:00,Thursday,Evening,Week,3,1,241.0,737.0
2020-05-28,19:56:00,Thursday,Evening,Week,3,1,278.0,1015.0
2020-05-28,21:33:00,Thursday,Evening,Week,3,1,194.0,1209.0
2020-05-28,22:42:00,Thursday,Evening,Week,3,1,326.0,1535.0
2020-05-29,11:59:00,Friday,Morning,Week,3,1,321.0,321.0
2020-05-29,14:03:00,Friday,Afternoon,Week,3,1,234.0,234.0
2020-05-29,16:35:00,Friday,Afternoon,Week,3,1,216.0,450.0
2020-05-29,17:33:00,Friday,Afternoon,Week,3,1,243.0,693.0
2020-05-29,18:46:00,Friday,Evening,Week,3,1,256.0,949.0
2020-05-29,20:17:00,Friday,Evening,Week,3,1,239.0,1188.0
2020-05-29,22:57:00,Friday,Evening,Week,3,1,435.0,1623.0
2020-05-30,11:46:00,Saturday,Morning,Weekend,3,1,248.0,248.0
2020-05-30,12:23:00,Saturday,Afternoon,Weekend,3,1,264.0,264.0
2020-05-30,17:11:00,Saturday,Afternoon,Weekend,3,1,313.0,577.0
2020-05-30,18:34:00,Saturday,Evening,Weekend,3,1,258.0,835.0
2020-05-30,20:46:00,Saturday,Evening,Weekend,3,1,231.0,1066.0
2020-05-30,22:13:00,Saturday,Evening,Weekend,3,1,433.0,1499.0
2020-05-31,10:23:00,Sunday,Morning,Weekend,3,1,276.0,276.0
2020-05-31,11:06:00,Sunday,Morning,Weekend,3,1,221.0,221.0
2020-05-31,14:56:00,Sunday,Afternoon,Weekend,3,1,342.0,563.0
2020-05-31,18:29:00,Sunday,Evening,Weekend,3,1,247.0,810.0
2020-05-31,19:53:00,Sunday,Evening,Weekend,3,1,298.0,1108.0
2020-05-31,21:54:00,Sunday,Evening,Weekend,3,1,112.0,1220.0
2020-06-01,09:40:00,Monday,Morning,Week,3,2,244.0,244.0
2020-06-01,01:36:00,Monday,Night,Week,3,2,319.0,319.0
2020-06-01,11:52:00,Monday,Morning,Week,3,2,178.0,497.0
2020-06-01,13:09:00,Monday,Afternoon,Week,3,2,234.0,731.0
2020-06-01,15:18:00,Monday,Afternoon,Week,3,2,221.0,952.0
2020-06-01,17:34:00,Monday,Afternoon,Week,3,2,267.0,1219.0
2020-06-01,18:35:00,Monday,Evening,Week,3,2,301.0,1520.0
2020-06-01,19:42:00,Monday,Evening,Week,3,2,256.0,1776.0
2020-06-01,21:37:00,Monday,Evening,Week,3,2,311.0,2087.0
2020-06-01,22:03:00,Monday,Evening,Week,3,2,104.0,2191.0
2020-06-01,23:07:00,Monday,Evening,Week,3,2,294.0,2485.0
2020-06-02,11:54:00,Tuesday,Morning,Week,3,2,367.0,367.0
2020-06-02,14:11:00,Tuesday,Afternoon,Week,3,2,373.0,373.0
2020-06-02,14:51:00,Tuesday,Afternoon,Week,3,2,356.0,729.0
2020-06-02,17:43:00,Tuesday,Afternoon,Week,3,2,371.0,1100.0
2020-06-02,19:14:00,Tuesday,Evening,Week,3,2,345.0,1445.0
2020-06-02,20:51:00,Tuesday,Evening,Week,3,2,239.0,1684.0
2020-06-02,22:19:00,Tuesday,Evening,Week,3,2,501.0,2185.0
2020-06-02,23:43:00,Tuesday,Evening,Week,3,2,428.0,2613.0
2020-06-03,08:53:00,Wednesday,Morning,Week,3,2,364.0,364.0
2020-06-03,09:13:00,Wednesday,Morning,Week,3,2,122.0,122.0
2020-06-03,11:22:00,Wednesday,Morning,Week,3,2,338.0,460.0
2020-06-03,13:28:00,Wednesday,Afternoon,Week,3,2,323.0,783.0
2020-06-03,15:46:00,Wednesday,Afternoon,Week,3,2,311.0,1094.0
2020-06-03,16:42:00,Wednesday,Afternoon,Week,3,2,367.0,1461.0
2020-06-03,18:34:00,Wednesday,Evening,Week,3,2,270.0,1731.0
2020-06-03,20:33:00,Wednesday,Evening,Week,3,2,457.0,2188.0
2020-06-03,23:56:00,Wednesday,Evening,Week,3,2,127.0,2315.0
2020-06-04,11:34:00,Thursday,Morning,Week,3,2,243.0,243.0
2020-06-04,13:56:00,Thursday,Afternoon,Week,3,2,476.0,476.0
2020-06-04,14:21:00,Thursday,Afternoon,Week,3,2,257.0,733.0
2020-06-04,17:19:00,Thursday,Afternoon,Week,3,2,198.0,931.0
2020-06-04,18:05:00,Thursday,Evening,Week,3,2,502.0,1433.0
2020-06-04,19:47:00,Thursday,Evening,Week,3,2,267.0,1700.0
2020-06-04,20:13:00,Thursday,Evening,Week,3,2,245.0,1945.0
2020-06-04,21:56:00,Thursday,Evening,Week,3,2,119.0,2064.0
2020-06-04,23:43:00,Thursday,Evening,Week,3,2,354.0,2418.0
2020-06-05,09:19:00,Friday,Morning,Week,3,2,198.0,198.0
2020-06-05,10:03:00,Friday,Morning,Week,3,2,365.0,365.0
2020-06-05,12:33:00,Friday,Afternoon,Week,3,2,371.0,736.0
2020-06-05,15:56:00,Friday,Afternoon,Week,3,2,378.0,1114.0
2020-06-05,17:42:00,Friday,Afternoon,Week,3,2,356.0,1470.0
2020-06-05,18:34:00,Friday,Evening,Week,3,2,431.0,1901.0
2020-06-05,19:55:00,Friday,Evening,Week,3,2,502.0,2403.0
2020-06-06,12:22:00,Saturday,Afternoon,Weekend,3,2,356.0,356.0
2020-06-06,12:16:00,Saturday,Afternoon,Weekend,3,2,343.0,343.0
2020-06-06,15:37:00,Saturday,Afternoon,Weekend,3,2,514.0,857.0
2020-06-06,17:49:00,Saturday,Afternoon,Weekend,3,2,430.0,1287.0
2020-06-06,18:52:00,Saturday,Evening,Weekend,3,2,491.0,1778.0
2020-06-06,20:34:00,Saturday,Evening,Weekend,3,2,326.0,2104.0
2020-06-06,23:09:00,Saturday,Evening,Weekend,3,2,435.0,2539.0
2020-06-07,13:57:00,Sunday,Afternoon,Weekend,3,2,187.0,187.0
2020-06-07,14:22:00,Sunday,Afternoon,Weekend,3,2,323.0,323.0
2020-06-07,15:11:00,Sunday,Afternoon,Weekend,3,2,504.0,827.0
2020-06-07,18:34:00,Sunday,Evening,Weekend,3,2,348.0,1175.0
2020-06-07,20:13:00,Sunday,Evening,Weekend,3,2,429.0,1604.0
2020-06-07,22:02:00,Sunday,Evening,Weekend,3,2,371.0,1975.0
2020-06-07,23:17:00,Sunday,Evening,Weekend,3,2,501.0,2476.0
25/05/2020,11:53:33,Monday,Morning,Week,4,1,186.0,832.0
25/05/2020,14:14:08,Monday,Afternoon,Week,4,1,193.0,1769.0
25/05/2020,16:25:37,Monday,Afternoon,Week,4,1,172.0,2327.0
25/05/2020,17:04:35,Monday,Afternoon,Week,4,1,64.0,2907.0
25/05/2020,19:42:21,Monday,Evening,Week,4,1,176.0,3275.0
25/05/2020,21:33:09,Monday,Evening,Week,4,1,223.0,4202.0
25/05/2020,22:33:36,Monday,Evening,Week,4,1,172.0,5935.0
26/05/2020,10:47:31,Tuesday,Morning,Week,4,1,156.0,720.0
26/05/2020,12:23:31,Tuesday,Afternoon,Week,4,1,109.0,1297.0
26/05/2020,14:34:46,Tuesday,Afternoon,Week,4,1,132.0,1974.0
26/05/2020,15:43:14,Tuesday,Afternoon,Week,4,1,122.0,2756.0
26/05/2020,18:54:16,Tuesday,Evening,Week,4,1,122.0,3976.0
26/05/2020,19:11:38,Tuesday,Evening,Week,4,1,161.0,4503.0
26/05/2020,20:21:36,Tuesday,Evening,Week,4,1,218.0,6492.0
26/05/2020,23:23:41,Tuesday,Evening,Week,4,1,292.0,7220.0
27/05/2020,12:57:53,Wednesday,Afternoon,Week,4,1,163.0,15563.0
27/05/2020,14:23:54,Wednesday,Afternoon,Week,4,1,170.0,16711.0
27/05/2020,19:45:58,Wednesday,Evening,Week,4,1,254.0,18155.0
27/05/2020,19:59:47,Wednesday,Evening,Week,4,1,129.0,21586.0
27/05/2020,20:51:28,Wednesday,Evening,Week,4,1,139.0,22628.0
27/05/2020,22:35:00,Wednesday,Evening,Week,4,1,171.0,23216.0
27/05/2020,23:54:40,Wednesday,Evening,Week,4,1,251.0,26545.0
28/05/2020,13:05:54,Thursday,Afternoon,Week,4,1,195.0,1608.0
28/05/2020,13:08:30,Thursday,Afternoon,Week,4,1,49.0,3217.0
28/05/2020,18:07:46,Thursday,Evening,Week,4,1,255.0,3472.0
28/05/2020,18:18:47,Thursday,Evening,Week,4,1,269.0,5016.0
28/05/2020,21:15:08,Thursday,Evening,Week,4,1,212.0,6034.0
28/05/2020,23:31:55,Thursday,Evening,Week,4,1,332.0,7342.0
29/05/2020,13:23:20,Friday,Afternoon,Week,4,1,243.0,475.0
29/05/2020,14:56:23,Friday,Afternoon,Week,4,1,172.0,2591.0
29/05/2020,17:51:22,Friday,Afternoon,Week,4,1,213.0,3320.0
29/05/2020,20:34:05,Friday,Evening,Week,4,1,199.0,5223.0
29/05/2020,21:28:00,Friday,Evening,Week,4,1,169.0,6387.0
29/05/2020,22:16:20,Friday,Evening,Week,4,1,62.0,7296.0
29/05/2020,22:17:16,Friday,Evening,Week,4,1,259.0,7555.0
29/05/2020,22:24:55,Friday,Evening,Week,4,1,157.0,8487.0
30/05/2020,13:05:49,Saturday,Afternoon,Weekend,4,1,224.0,1929.0
30/05/2020,14:33:28,Saturday,Afternoon,Weekend,4,1,164.0,2989.0
30/05/2020,15:13:57,Saturday,Afternoon,Weekend,4,1,282.0,4419.0
30/05/2020,18:14:35,Saturday,Evening,Weekend,4,1,169.0,5716.0
30/05/2020,19:00:31,Saturday,Evening,Weekend,4,1,67.0,9163.0
30/05/2020,20:12:48,Saturday,Evening,Weekend,4,1,111.0,9944.0
30/05/2020,23:12:27,Saturday,Evening,Weekend,4,1,342.0,10619.0
31/05/2020,16:42:31,Sunday,Afternoon,Weekend,4,1,237.0,2433.0
31/05/2020,18:37:02,Sunday,Evening,Weekend,4,1,281.0,3188.0
31/05/2020,19:24:40,Sunday,Evening,Weekend,4,1,239.0,4270.0
31/05/2020,20:58:50,Sunday,Evening,Weekend,4,1,161.0,4909.0
31/05/2020,23:03:35,Sunday,Evening,Weekend,4,1,216.0,5447.0
31/05/2020,23:05:04,Sunday,Evening,Weekend,4,1,109.0,6196.0
06/01/2020,09:47:32,Monday,Morning,Week,4,2,282.0,1482.0
06/01/2020,11:23:47,Monday,Morning,Week,4,2,281.0,2045.0
06/01/2020,11:42:16,Monday,Morning,Week,4,2,260.0,3429.0
06/01/2020,14:28:44,Monday,Afternoon,Week,4,2,355.0,4304.0
06/01/2020,18:12:13,Monday,Evening,Week,4,2,334.0,7478.0
06/01/2020,20:34:20,Monday,Evening,Week,4,2,231.0,9042.0
06/01/2020,23:08:34,Monday,Evening,Week,4,2,266.0,10463.0
06/01/2020,23:13:48,Monday,Evening,Week,4,2,148.0,10879.0
06/02/2020,13:06:06,Tuesday,Afternoon,Week,4,2,298.0,1297.0
06/02/2020,14:12:20,Tuesday,Afternoon,Week,4,2,292.0,2483.0
06/02/2020,14:35:51,Tuesday,Afternoon,Week,4,2,213.0,2988.0
06/02/2020,16:31:33,Tuesday,Afternoon,Week,4,2,365.0,3992.0
06/02/2020,17:39:42,Tuesday,Afternoon,Week,4,2,144.0,6326.0
06/02/2020,18:43:33,Tuesday,Evening,Week,4,2,167.0,6636.0
06/02/2020,19:36:47,Tuesday,Evening,Week,4,2,132.0,7269.0
06/02/2020,20:14:09,Tuesday,Evening,Week,4,2,125.0,7658.0
06/02/2020,22:06:35,Tuesday,Evening,Week,4,2,150.0,7933.0
06/02/2020,23:43:20,Tuesday,Evening,Week,4,2,289.0,8968.0
06/03/2020,13:14:43,Wednesday,Afternoon,Week,4,2,147.0,2317.0
06/03/2020,14:09:37,Wednesday,Afternoon,Week,4,2,324.0,2788.0
06/03/2020,15:41:28,Wednesday,Afternoon,Week,4,2,317.0,3429.0
06/03/2020,17:29:46,Wednesday,Afternoon,Week,4,2,319.0,5650.0
06/03/2020,17:30:53,Wednesday,Afternoon,Week,4,2,92.0,5742.0
06/03/2020,19:54:53,Wednesday,Evening,Week,4,2,315.0,13325.0
06/03/2020,20:43:26,Wednesday,Evening,Week,4,2,236.0,14191.0
06/03/2020,21:33:40,Wednesday,Evening,Week,4,2,182.0,14845.0
06/03/2020,23:21:35,Wednesday,Evening,Week,4,2,270.0,15297.0
06/04/2020,12:01:00,Thursday,Afternoon,Week,4,2,202.0,465.0
06/04/2020,14:22:16,Thursday,Afternoon,Week,4,2,338.0,1005.0
06/04/2020,15:44:23,Thursday,Afternoon,Week,4,2,334.0,1339.0
06/04/2020,16:42:03,Thursday,Afternoon,Week,4,2,256.0,2263.0
06/04/2020,16:43:43,Thursday,Afternoon,Week,4,2,207.0,2982.0
06/04/2020,18:59:23,Thursday,Evening,Week,4,2,293.0,4306.0
06/04/2020,21:42:17,Thursday,Evening,Week,4,2,299.0,4898.0
06/04/2020,22:31:32,Thursday,Evening,Week,4,2,112.0,5608.0
06/04/2020,22:33:35,Thursday,Evening,Week,4,2,284.0,6114.0
06/05/2020,11:40:39,Friday,Morning,Week,4,2,309.0,2542.0
06/05/2020,13:29:40,Friday,Afternoon,Week,4,2,310.0,37151.0
06/05/2020,13:53:34,Friday,Afternoon,Week,4,2,265.0,39896.0
06/05/2020,16:26:48,Friday,Afternoon,Week,4,2,323.0,41539.0
06/05/2020,18:23:05,Friday,Evening,Week,4,2,303.0,43457.0
06/05/2020,18:44:56,Friday,Evening,Week,4,2,167.0,45442.0
06/05/2020,22:55:18,Friday,Evening,Week,4,2,268.0,46211.0
06/05/2020,23:01:50,Friday,Evening,Week,4,2,266.0,47549.0
06/06/2020,09:24:03,Saturday,Morning,Weekend,4,2,229.0,700.0
06/06/2020,13:50:36,Saturday,Afternoon,Weekend,4,2,296.0,1912.0
06/06/2020,15:52:32,Saturday,Afternoon,Weekend,4,2,283.0,2787.0
06/06/2020,16:22:10,Saturday,Afternoon,Weekend,4,2,274.0,3910.0
06/06/2020,18:09:46,Saturday,Evening,Weekend,4,2,266.0,5272.0
06/06/2020,20:28:29,Saturday,Evening,Weekend,4,2,290.0,5828.0
06/06/2020,20:29:59,Saturday,Evening,Weekend,4,2,333.0,6451.0
06/06/2020,23:13:41,Saturday,Evening,Weekend,4,2,344.0,7461.0
06/07/2020,13:01:39,Sunday,Afternoon,Weekend,4,2,331.0,6373.0
06/07/2020,16:22:41,Sunday,Afternoon,Weekend,4,2,316.0,7351.0
06/07/2020,17:55:22,Sunday,Afternoon,Weekend,4,2,341.0,8640.0
06/07/2020,20:06:18,Sunday,Evening,Weekend,4,2,236.0,9558.0
06/07/2020,20:15:04,Sunday,Evening,Weekend,4,2,359.0,10389.0
06/07/2020,21:04:41,Sunday,Evening,Weekend,4,2,198.0,10946.0
06/07/2020,22:04:09,Sunday,Evening,Weekend,4,2,278.0,11818.0
06/07/2020,22:52:30,Sunday,Evening,Weekend,4,2,175.0,12271.0
